id,session_datetime,session_date,session_clock,session_duration_min,prolific_pid,prolific_study_id,prolific_session_id,session.complete,DEG.school_degree,DEG.country_of_residence,DEG.second_language,DEG.first_language,DEG.country_formative_years,DEG.age,DEG.gender,SLT.score,GMS.general,GMS.perceptual_abilities,GMS.musical_training,GMS.active_engagement,GMS.instrument,GMS.start_age,GMS.absolute_pitch
3bdec3de9ae8b71b1fa0affc2f51a104a5c292c61f7d332ad566bd9c55367d34,2026-06-24T11:19:38Z,2026-06-24,11:19:38,22.2,69e20fbaa1f2075c629326ec,6a2fd7d2f88ab129009bc95d,6a3ba11f1c17ff6e9445d7c2,TRUE,,,none,other,,54.1,female,0.444444444444444,3.85714285714286,4.8,3,4.66666666666667,guitar,12,no
6394a722a669bfa637451e60c9aaa686fb6740ae84abab58d03d9dd76a6f9bca,2026-06-24T11:26:47Z,2026-06-24,11:26:47,15.2,5de42a01a7cb2401ccc682c3,6a2fd7d2f88ab129009bc95d,6a3ba0fa55ce23a2d65217cd,TRUE,,,none,pl,,36.1,female,0.569444444444444,3.71428571428571,5,3,4,voice,6,no
65c2b4f05ba7c88433fcfa3309e29ce99379b1e47202ed3e61c2b5dd7eaa384b,2026-06-24T11:19:29Z,2026-06-24,11:19:29,22.4,611e7d1295185bf6f56fd951,6a2fd7d2f88ab129009bc95d,6a3ba0f2b1738792bf4e2179,TRUE,,,ar,en,,28.5,female,0.5,2.85714285714286,4.4,1.33333333333333,4,no instrument,,no
21626825434fcd0e4396d3d97d1cae7a292807e0b00051b4908502d3d373c2cf,2026-06-24T11:30:40Z,2026-06-24,11:30:40,12.5,69ef3a000f1b6cb7006fa798,6a2fd7d2f88ab129009bc95d,6a3ba243c28cfb7e52454b4e,TRUE,,,none,de,,37.2,female,0.625,2.71428571428571,5.2,2,3.66666666666667,no instrument,,no
72a81b48853a0c5bdca6a1668fd503774e33594f8c2d10bab43699c41df6289f,2026-06-24T11:27:48Z,2026-06-24,11:27:48,14.6,698082f6dfbf6cd0a3d6584b,6a2fd7d2f88ab129009bc95d,6a3ba1dda4ac4397123d6477,TRUE,,,en,ar,,20.9,female,0.486111111111111,4.14285714285714,5.2,3.66666666666667,4.33333333333333,piano,11,yes
c5e1c13cfb222421a2b9086b338a006bcf0c34531aaa80451b0db2afaca12400,2026-06-24T11:29:54Z,2026-06-24,11:29:54,13.5,69b3f02d28568b807f25aac7,6a2fd7d2f88ab129009bc95d,6a3ba190f70e311f26b1f321,TRUE,,,ar,en,,24.9,female,0.527777777777778,4.42857142857143,5.4,3.66666666666667,5,guitar,17,no
d08a81c291c02d839635e7c11bc6c0ee4594dae82ced1cbb8400fb502fb570af,2026-06-24T11:27:23Z,2026-06-24,11:27:23,16.5,6109656bb28bc0fadcad52ca,6a2fd7d2f88ab129009bc95d,6a3ba1b97961e5e8e8b2a167,TRUE,,,none,en,,29.6,male,0.583333333333333,3.85714285714286,5,3,4.33333333333333,guitar,4,no
b095eb354361134a55cb82c712eed1b65aa5b1dfd68aca06282b4e55e3e86a2e,2026-06-24T11:30:58Z,2026-06-24,11:30:58,13.1,69c4d00086c2b4a1a8dc2191,6a2fd7d2f88ab129009bc95d,6a3ba20e8dc33b19d1e74702,TRUE,,,en,ar,,25.2,female,0.569444444444444,3.57142857142857,4.4,2.33333333333333,5,no instrument,,yes
17027364a9c153ace064f8314a5ea39ddff57d3c48ec4d98412a95a7b2dc8251,2026-06-24T11:28:25Z,2026-06-24,11:28:25,15.7,69af24d2024c9f6a80403c7f,6a2fd7d2f88ab129009bc95d,6a3ba1e8a4b0513b44e74706,TRUE,,,en,ar,,25.2,female,0.527777777777778,3.42857142857143,4.2,3,4.33333333333333,drums,7,no
894295d152b2a279268648ac0312cbe5bea56eeceede3268aa7762e9159ef0f3,2026-06-24T11:32:47Z,2026-06-24,11:32:47,12.3,5ed8cf4782a6eb04ddf9962d,6a2fd7d2f88ab129009bc95d,6a3ba104b1738792bf4e217e,TRUE,,,other,en,,32.5,female,0.388888888888889,1.14285714285714,3,1,1,no instrument,,no
023bc5698b6d5341ff39edec359a1fedfd5731ebc7be104d88dedd78e3e6f523,2026-06-24T11:35:36Z,2026-06-24,11:35:36,10.4,6989da5e4258788f97cc5d7b,6a2fd7d2f88ab129009bc95d,6a3ba11112bb3e1cb471d9c1,TRUE,,,none,en,,21.3,female,0.583333333333333,2.14285714285714,2.2,1,3.33333333333333,no instrument,,no
8c9fc9f77895ac76006f1fb9c55019daa41ef28fa26a08d596f03579367d650c,2026-06-24T11:33:45Z,2026-06-24,11:33:45,11.9,69c653159fc262f6ae945f2c,6a2fd7d2f88ab129009bc95d,6a3ba1155a698882390c894c,TRUE,,,none,nl,,23.2,female,0.569444444444444,3.85714285714286,4.8,3,4.66666666666667,voice,7,no
aba63b6341697bc757f76f629db31996973edd9abcface2274773aada3e2fa9d,2026-06-24T11:34:11Z,2026-06-24,11:34:11,11.4,6a16f4287d3bbc18f6344434,6a2fd7d2f88ab129009bc95d,6a3ba374a4bee19791b376fe,TRUE,,,none,es,,24.6,male,0.5,3.14285714285714,4.6,2,4.33333333333333,no instrument,,no
9782fb119cabc85823013e5699c18c3ea3106a3cb652cf69478caa32856aa3d3,2026-06-24T11:33:40Z,2026-06-24,11:33:40,12.3,69aae1bbec5da00b20acf494,6a2fd7d2f88ab129009bc95d,6a3ba2feb2ecfbc1d0d9da1b,TRUE,,,en,vi,,20.8,female,0.541666666666667,4.57142857142857,5.2,4.33333333333333,4.66666666666667,voice,4,no
24c145d985bce76ae8eccacf49e856a57a326b34950d67a8b82be812d93610d9,2026-06-24T11:34:25Z,2026-06-24,11:34:25,11.8,584823aed2be990001174e56,6a2fd7d2f88ab129009bc95d,6a3ba3b3de2b2582486c9b25,TRUE,,,none,pt,,33.8,female,0.444444444444444,2.42857142857143,6.4,2,2,voice,,no
899b4f98196ebddc8601f743f47283b1444cc858bc2b6935593f74286708e19c,2026-06-24T11:33:55Z,2026-06-24,11:33:55,12.4,69c3c3cbb3e057fd06dd2fe0,6a2fd7d2f88ab129009bc95d,6a3ba46f7a771c6756d57f59,TRUE,,,none,en,,44.9,female,0.472222222222222,2.42857142857143,3,2,2.66666666666667,no instrument,,no
8ed7d236c69be75ebf8a6b59e0fcc29152876ef7a671aaba0c1921b574d0eff3,2026-06-24T11:19:29Z,2026-06-24,11:19:29,26.8,66674eff867bcccdf7a346e6,6a2fd7d2f88ab129009bc95d,6a3ba108effaa4f4327dbbc4,TRUE,,,none,en,,35.2,male,0.583333333333333,4.71428571428571,5,4.33333333333333,5,voice,,yes
d66f6c46a63a50f8081ebc16255a82d8286a99ed534971563d3c786e30e2c61b,2026-06-24T11:35:31Z,2026-06-24,11:35:31,10.8,699f32ec93362643e9c6602d,6a2fd7d2f88ab129009bc95d,6a3ba20c9fbf9118f00b1a82,TRUE,,,en,es,,24.8,female,0.569444444444444,5.71428571428571,5.8,4.66666666666667,6.33333333333333,voice,5,no
4c02b2b91aa5a50a3cfb15ee482a594fe298f5d710a8c6a687778ff5afb29a84,2026-06-24T11:33:52Z,2026-06-24,11:33:52,12.6,69fa0e44732db84629712760,6a2fd7d2f88ab129009bc95d,6a3ba1185966c3e2eaa1984b,TRUE,,,en,other,,22.8,female,0.597222222222222,4.57142857142857,4.2,3.66666666666667,5.66666666666667,guitar,18,no
81a104ddf6bf2d66f582cf99835b836c0d62046c6963e08bce17b02c3c20c693,2026-06-24T11:33:35Z,2026-06-24,11:33:35,12.9,6981e6c2e26c88d954f297eb,6a2fd7d2f88ab129009bc95d,6a3ba1730f8089d1aa0576df,TRUE,,,none,ko,,34.9,male,0.472222222222222,3.85714285714286,4.2,3.33333333333333,4.33333333333333,voice,6,no
36f26aa27aea558a68716df13a85e645aa4c36bdd3227cf6f8cb88b7b646e44d,2026-06-24T11:31:53Z,2026-06-24,11:31:53,14.9,69808432acce3744ca2e1fe6,6a2fd7d2f88ab129009bc95d,6a3ba186d3d1678f989147b4,TRUE,,,pl,ar,,37.3,female,0.555555555555556,2.71428571428571,5,1.66666666666667,3,no instrument,,no
e03e48e6ca0d1ef7dfd8a890b3835e59e6f7573707f2cf50ee69eca0bcd60f3e,2026-06-24T11:32:38Z,2026-06-24,11:32:38,14.1,65feaaac53eb219f09ad5ea0,6a2fd7d2f88ab129009bc95d,6a3ba148f16fc4ff731213ac,TRUE,,,other,en,,25.5,female,0.347222222222222,3.85714285714286,5.4,3,4,piano,14,no
5d794a99c6f109a69b3e54dc41f8626f9f0bc25f3686338a5df9617a4f799bcd,2026-06-24T11:33:40Z,2026-06-24,11:33:40,13.3,60f20aac9a3cd813c94175b4,6a2fd7d2f88ab129009bc95d,6a3ba3b9653a4644ded11c34,TRUE,,,none,en,,44.1,male,0.416666666666667,4,5.4,3.66666666666667,3.66666666666667,piano,11,no
cd054c3c52dce857ef626a1e32238f9ee5af15ab5be0ec6645ac1325a8a17c35,2026-06-24T11:35:33Z,2026-06-24,11:35:33,11.5,6a15a43c28a364cdedfc6942,6a2fd7d2f88ab129009bc95d,6a3ba37ac01349da38271420,TRUE,,,none,en,,32.9,male,0.402777777777778,1.85714285714286,3.8,1,3,no instrument,,no
d78d97e75c544a0509d1e8e37a09c049b5981864d146ca30fddb524b1b24b7c0,2026-06-24T11:33:13Z,2026-06-24,11:33:13,14,69fa60989455e37474b3a8b2,6a2fd7d2f88ab129009bc95d,6a3ba1202d7fc46c2ae6edf7,TRUE,,,pt,it,,56.2,female,0.388888888888889,3.57142857142857,4.4,3,4.33333333333333,trumpet,18,no
247e67abbcd69481e81b39cf1845b27c6322f9f64d2fb639fe167348558c319e,2026-06-24T11:35:09Z,2026-06-24,11:35:09,12.7,5ef07f0ba383185b3570273e,6a2fd7d2f88ab129009bc95d,6a3ba3ea82ba988c238d661f,TRUE,,,none,en,,52.1,male,0.625,5.14285714285714,5.6,5,5.33333333333333,voice,6,no
8ad27651421be9124ace80f61180f238b4c0ba629d2564340eef184664aff30b,2026-06-24T11:30:26Z,2026-06-24,11:30:26,17.4,6992efa3ad9328a0f6080256,6a2fd7d2f88ab129009bc95d,6a3ba283b720f0eef91ed8df,TRUE,,,none,nl,,28.8,female,0.5,2.42857142857143,3.6,1.33333333333333,3.33333333333333,no instrument,,no
c7d45db74bc21ed6f3c678fb06f08e8339a52a740c7e517e18bb7a87aae04e1f,2026-06-24T11:34:38Z,2026-06-24,11:34:38,13.1,5f280cc370354e08a8f2895c,6a2fd7d2f88ab129009bc95d,6a3ba467a5399e1c279125c9,TRUE,,,other,hi,,48.1,male,0.569444444444444,4,5.6,3.33333333333333,4,voice,,no
da109f50e9defb8f55ff5c7d27cbd4d4265448e6b1d9b2667679feb3f033b480,2026-06-24T11:34:08Z,2026-06-24,11:34:08,13.7,58c62eac444ade00010231a9,6a2fd7d2f88ab129009bc95d,6a3ba2dd9f74b76565186503,TRUE,,,en,it,,58.4,female,0.513888888888889,3.57142857142857,4.6,3,3.66666666666667,no instrument,,no
9efe6bb11d49a5662d4705553ad54ba625a65e26405393bf532af8b6a802087d,2026-06-24T11:34:27Z,2026-06-24,11:34:27,14.2,69f417c869e98cc1872bdd44,6a2fd7d2f88ab129009bc95d,6a3ba4297df36e0cb7756369,TRUE,,,en,other,,20.6,female,0.527777777777778,4.42857142857143,5,3.33333333333333,5,voice,13,no
9ffb528ba9e5c32b5c4a6e066907712db256b4d709af0a14aac782f340ca6b7b,2026-06-24T11:37:05Z,2026-06-24,11:37:05,11.4,6a0c108b4c0b1ecddd99b170,6a2fd7d2f88ab129009bc95d,6a3ba0f0a902e124ece54744,TRUE,,,en,fr,,23.9,female,0.583333333333333,3.71428571428571,6,1.66666666666667,4.66666666666667,no instrument,,no
f5b3de2fb717e175e6021ecb27a5c1633671f29f45d0fc57f304f3e9d6ec0a6e,2026-06-24T11:33:47Z,2026-06-24,11:33:47,14.7,5f4576f6d372e717986fbade,6a2fd7d2f88ab129009bc95d,6a3ba472b3e6cdfeff5cd6f0,TRUE,,,none,en,,41.8,male,0.430555555555556,4.57142857142857,7,4.33333333333333,4,voice,4,no
6b5e3e65a8321ed160f26a01a6d1ccedfd85d30883b47801acab533f9114d6af,2026-06-24T11:31:36Z,2026-06-24,11:31:36,17.4,6129dca465e41b5ae1b262da,6a2fd7d2f88ab129009bc95d,6a3ba115fef54640de2f0679,TRUE,,,other,en,,25.7,male,0.541666666666667,4,5.8,3,4.66666666666667,voice,14,no
7d85cd60957d59052204354d6afe2bc977986965d4cc394dea36ab0dadde4718,2026-06-24T11:32:04Z,2026-06-24,11:32:04,17,6980963026a6ba09a2ffd2e7,6a2fd7d2f88ab129009bc95d,6a3ba389a56323e5f48d71e8,TRUE,,,en,hi,,41.8,male,0.5,3.71428571428571,4.6,1.66666666666667,5.33333333333333,no instrument,,no
4881e4f1f936d22fb4b1776d84721aa2d86c0d54dcce3b7bca4fb7fdb15008ca,2026-06-24T11:36:01Z,2026-06-24,11:36:01,13.2,69b030eefd02fd35e6e44c37,6a2fd7d2f88ab129009bc95d,6a3ba3f39d3f2b1eaab2a1c3,TRUE,,,none,es,,46.9,female,0.472222222222222,5.14285714285714,5.2,4.33333333333333,6,guitar,18,no
3c4a20413313294b02e003a7d849c7656f851fc7a3f0a089dde92c0188f3f57a,2026-06-24T11:34:33Z,2026-06-24,11:34:33,14.8,6a05bf5ad314f39088eba67f,6a2fd7d2f88ab129009bc95d,6a3ba284532078333c49a286,TRUE,,,en,es,,44.2,female,0.527777777777778,5.85714285714286,5.8,5.33333333333333,6.33333333333333,guitar,5,no
e27b6cc284cc28cb1042c6ced825473caa0e44ee23110db895866f4cab6d8c2b,2026-06-24T11:32:41Z,2026-06-24,11:32:41,16.6,69eb6e157e23c6c0b2b7fb0d,6a2fd7d2f88ab129009bc95d,6a3ba407d064fbdceb71d9af,TRUE,,,en,other,,32.8,female,0.666666666666667,5.57142857142857,5.8,5.66666666666667,5.33333333333333,piano,9,yes
85f290ce284ede0e4a11b0ae22e86987ae1ce62694ab93b5274852592df132ec,2026-06-24T11:18:49Z,2026-06-24,11:18:49,30.9,5d684971f5868700184eab81,6a2fd7d2f88ab129009bc95d,6a3ba0effde5b6afc4bd3d00,TRUE,,,none,en,,42.9,male,0.527777777777778,2.71428571428571,4.6,1.33333333333333,3.33333333333333,no instrument,,no
c51ea98db453b89794d4a61bb9568a8e2fb008cfa956335c5f82825e9a5eaf23,2026-06-24T11:35:25Z,2026-06-24,11:35:25,14.1,674247e1edfcb674a23da151,6a2fd7d2f88ab129009bc95d,6a3ba3b954f1e387ec5765e7,TRUE,,,other,en,,24.4,male,0.527777777777778,4.85714285714286,3.8,4,6.66666666666667,drums,12,yes
1ee0da1df6396d027e7bd4699a1c29777e963130587e97c2ab126255c553b09a,2026-06-24T11:36:41Z,2026-06-24,11:36:41,13.1,5ce8178ca20e6000150c5789,6a2fd7d2f88ab129009bc95d,6a3ba4e83ebac10dc01dff2d,TRUE,,,other,es,,44.8,female,0.416666666666667,3.28571428571429,5.4,3,3,xylophone,8,no
ff9f07c67bcb3a2d2a3b28cbd411c917e61dc91f2cde39e6ffbb3a1590d411dd,2026-06-24T11:36:25Z,2026-06-24,11:36:25,13.3,6a174d7494f7e551fc49d34f,6a2fd7d2f88ab129009bc95d,6a3ba5045282736c382ce429,TRUE,,,en,es,,22.7,male,0.513888888888889,4.71428571428571,5.2,3.33333333333333,6,voice,7,no
3a90df134deaf7e8aa1c2db3c4a46443bcc85f9a4278c04961242c1136bcb10c,2026-06-24T11:37:22Z,2026-06-24,11:37:22,13.2,6a082973a2e6b6dab40216df,6a2fd7d2f88ab129009bc95d,6a3ba356397b01fafa312eb6,TRUE,,,it,it,,37.7,female,0.444444444444444,5.85714285714286,6.6,5,7,piano,2,no
5e7a0918f334b8e54adf1aa6b81841ae514f3bc9bdb894e9745d50ceb0340777,2026-06-24T11:35:15Z,2026-06-24,11:35:15,15.4,60f5b52aded3aa62d82e5bbb,6a2fd7d2f88ab129009bc95d,6a3ba285441dc1724c7fd7b8,TRUE,,,en,other,,28.4,female,0.611111111111111,2.85714285714286,4.8,2.33333333333333,2.66666666666667,no instrument,,no
8b56dbf7e61de4de0564a98d4fb163717257b0190618c6ca1061e361e6ca5025,2026-06-24T11:35:10Z,2026-06-24,11:35:10,15.8,6983589e89e4baa3f9e47ebc,6a2fd7d2f88ab129009bc95d,6a3ba112bde861d7dd0820f3,TRUE,,,en,other,,40,female,0.444444444444444,2.57142857142857,3.8,3,2.33333333333333,no instrument,,no
51686bff2b65370cd08cc65e8904a8e17d94e7c43874062bc8bffd40808f4771,2026-06-24T11:37:57Z,2026-06-24,11:37:57,13.1,67de5e4d00c56a3ccd0f9be6,6a2fd7d2f88ab129009bc95d,6a3ba4a6535483c0ccfbe2c9,TRUE,,,en,it,,56.1,female,0.430555555555556,3.28571428571429,3.4,3,3.66666666666667,no instrument,,no
7497bf8e5d4eddd47004ac92d63b926aa2b6857ca0a83c8d0be98f164a01f8aa,2026-06-24T11:33:20Z,2026-06-24,11:33:20,17.9,69867e57a70df0709c0f2cfa,6a2fd7d2f88ab129009bc95d,6a3ba0ffdb9cbdb7af33a2fd,TRUE,,,hi,en,,21.2,female,0.5,4.57142857142857,4,4,6,piano,11,yes
87bc63a66c93cc9b30adf84d140c2291d827c69fd32ac543058791e96f40e301,2026-06-24T11:35:15Z,2026-06-24,11:35:15,16.2,6980de8f31b5e1d1c804c7d1,6a2fd7d2f88ab129009bc95d,6a3ba49539661785349d5f94,TRUE,,,en,ar,,22.8,female,0.597222222222222,3.28571428571429,3.4,2.33333333333333,4.66666666666667,voice,13,no
a35d00a31e3fdfe487198c2a445609aeadfdbebfe08bf74952c5db3cad00ea80,2026-06-24T11:34:56Z,2026-06-24,11:34:56,16.7,664bb8e42116948d53b19326,6a2fd7d2f88ab129009bc95d,6a3ba0f9f16dd1eff5157c1b,TRUE,,,none,en,,26.8,female,0.652777777777778,5.28571428571429,5.8,5.33333333333333,4.66666666666667,piano,16,yes
b9e0ca4c1fed1d050788361ac2bf401216117a99d12ee015f5a8766d81f60e71,2026-06-24T11:36:24Z,2026-06-24,11:36:24,15.2,698362459d432f09070892ed,6a2fd7d2f88ab129009bc95d,6a3ba1850f94548c0367ba67,TRUE,,,es,en,,26.6,female,0.541666666666667,4.85714285714286,4.4,5,5.33333333333333,drums,10,yes
f366cfe3c83d490f36ddb7b9618fac29100080b1154628a390d863ff0d5b642c,2026-06-24T11:39:28Z,2026-06-24,11:39:28,12,6a09e4d92fe126f2560e91cc,6a2fd7d2f88ab129009bc95d,6a3ba42c3b11d60e90cf893c,TRUE,,,de,en,,21.4,female,0.486111111111111,2.42857142857143,3.6,2,2.66666666666667,no instrument,,no
fb6254148ac10d02298a01df3a28148a2df6f0d1a29a2ef54169a5fd3e97de68,2026-06-24T11:34:59Z,2026-06-24,11:34:59,16.5,5f48e8c79603e33b8f3a3518,6a2fd7d2f88ab129009bc95d,6a3ba4a91eeb1cecca92fc43,TRUE,,,zh,en,,39.9,female,0.583333333333333,2.42857142857143,4.8,1.33333333333333,2.66666666666667,no instrument,,no
d32c508f595cc3e43ca81f5600d212c5a6e2cb2ce582117577a2d501e48dcc10,2026-06-24T11:39:31Z,2026-06-24,11:39:31,12.5,69fd06f141541aa62987c179,6a2fd7d2f88ab129009bc95d,6a3ba5844374068929c16f08,TRUE,,,none,fr,,25.6,female,0.472222222222222,2.28571428571429,3.4,1.33333333333333,3,drums,16,no
14ac7dc5b978a28983ffad3f737f6412aef0b6af244afde686081f805dd2a049,2026-06-24T11:36:45Z,2026-06-24,11:36:45,15.8,69bfa90568c64f3e06f1a32e,6a2fd7d2f88ab129009bc95d,6a3ba37ca922823cce45654f,TRUE,,,none,en,,49.9,female,0.569444444444444,5.28571428571429,6,5.33333333333333,5,piano,6,no
67f4966d385f259fe5a580829f54424c1ccfb101894af7b5b4d769e876f8f5e8,2026-06-24T11:37:32Z,2026-06-24,11:37:32,15.1,671ddd063e7c74b377de755a,6a2fd7d2f88ab129009bc95d,6a3ba19e53fa23b638f05e92,TRUE,,,none,en,,76.2,male,0.513888888888889,4,5,4,4.33333333333333,voice,5,yes
525ce20544a5e9e84090f73b6368d885897b745b09138aff8734695739a40e05,2026-06-24T11:19:31Z,2026-06-24,11:19:31,10.5,6a0d811c47f389c3d1193cb6,6a2fd7d2f88ab129009bc95d,6a3ba112a86958684ed8ce6b,TRUE,,,none,en,,47.1,female,0.416666666666667,1.57142857142857,3.2,1,2.33333333333333,no instrument,,no
49017af96b69c7f024d3906030604f4aa43478c1c4b99b92fd8c9850402fa63c,2026-06-24T11:41:01Z,2026-06-24,11:41:01,12.2,69e8b4c1acc88d879cc64de4,6a2fd7d2f88ab129009bc95d,6a3ba11d73d6ee395fe1bec5,TRUE,,,en,es,,45.6,male,0.486111111111111,4.14285714285714,3.4,3.66666666666667,4.66666666666667,no instrument,9,no
c06e33b2a44f280c3b3a5390846a8ad8b92e94319ce886124846ac64eb106ffa,2026-06-24T11:33:21Z,2026-06-24,11:33:21,19.8,66a4f3d47c78be273dc2f2ad,6a2fd7d2f88ab129009bc95d,6a3ba1bfb1ce1f4fe2d8ce6b,TRUE,,,en,other,,45.5,male,0.472222222222222,3.71428571428571,4.4,3,4,voice,13,yes
28c7514293c348b0ec11ef96428602db8cf473d8d8f05e2c6cee525d3f25655b,2026-06-24T11:42:22Z,2026-06-24,11:42:22,11.3,69fdb3f3d17f7aac43acf8d5,6a2fd7d2f88ab129009bc95d,6a3ba1125d1f9d53218db86e,TRUE,,,none,es,,29.2,male,0.5,2.28571428571429,2,1,3.33333333333333,no instrument,,no
bc5b4d6336ccaa649285cd8a86d9233273f07890287f96b7846bdec275eb0169,2026-06-24T11:33:10Z,2026-06-24,11:33:10,20.6,67869858e37962bdd32b103b,6a2fd7d2f88ab129009bc95d,6a3ba17710b4699bb993b7d7,TRUE,,,other,en,,26.4,male,0.555555555555556,3.71428571428571,4.8,2.66666666666667,4.33333333333333,voice,9,no
f3c5b06c0f7094b8b677a1e87cffcdba10c123efafda691803422871e899f8b4,2026-06-24T11:34:10Z,2026-06-24,11:34:10,19.6,698251438a353929d3aeed14,6a2fd7d2f88ab129009bc95d,6a3ba3f9b50f0d72298c4c0c,TRUE,,,en,other,,27.2,female,0.486111111111111,3,4.2,2,3.33333333333333,drums,7,no
51dc775a7068625ad81571de6296888e98effc25815efb42899426ed18af192e,2026-06-24T11:37:17Z,2026-06-24,11:37:17,16.6,6a01d2282cff0f54d29e9ce9,6a2fd7d2f88ab129009bc95d,6a3ba14fdd6d89df98765125,TRUE,,,fr,ar,,37.9,male,0.458333333333333,2.28571428571429,4.4,1.66666666666667,2,voice,11,no
87b0ae44c089a1341d25bc96b6f3450986a06197810323362be0fe61657a1473,2026-06-24T11:40:00Z,2026-06-24,11:40:00,14.3,6977c801932143e7ac8b70a8,6a2fd7d2f88ab129009bc95d,6a3ba26e3bb0eb2d30069e89,TRUE,,,none,it,,23.2,female,0.486111111111111,2.42857142857143,3.2,1.33333333333333,3.33333333333333,no instrument,,no
ea02d609bd5c14c7de0f13735e54fbbe123daf80ed53cb0682f2768f2c677b94,2026-06-24T11:38:07Z,2026-06-24,11:38:07,15.9,6a087d170d5521dd2055e045,6a2fd7d2f88ab129009bc95d,6a3ba4d1efc7be994d04786c,TRUE,,,other,es,,32.5,female,0.513888888888889,5.28571428571429,6.4,4.66666666666667,5.33333333333333,voice,11,no
f5925580ffb8494deb4123ad7cd2cb94a3d1675d5bbad3470e57a3acfd2b86b6,2026-06-24T11:36:41Z,2026-06-24,11:36:41,17.8,613a6eecc7f50121867de339,6a2fd7d2f88ab129009bc95d,6a3ba13b08a9efce4a580c2b,TRUE,,,other,en,,46.2,female,0.527777777777778,5.14285714285714,6.4,4.33333333333333,5.66666666666667,guitar,18,no
f5b33a12d78c29bd664fd76a76812afc75b983f88643b0d7dd326af336240c64,2026-06-24T11:37:07Z,2026-06-24,11:37:07,17.1,69eb4e5b57d7a72a4cfada9c,6a2fd7d2f88ab129009bc95d,6a3ba18afa33c52bdd643192,TRUE,,,other,other,,22.4,male,0.638888888888889,4.71428571428571,4.2,3.66666666666667,6,no instrument,,no
110ceb04067056497bfb74c4e0be1d111bf97127bf1da7fbab72bcf981f8e011,2026-06-24T11:34:12Z,2026-06-24,11:34:12,20.6,667a18b6a5ac2521df738cdf,6a2fd7d2f88ab129009bc95d,6a3ba263a4a010e5d1f2e7c9,TRUE,,,en,en,,42,male,0.541666666666667,4,5.4,5.33333333333333,3.66666666666667,voice,10,yes
480a08e7963e9a30a3f8a4be029ed2dd17ae21b957eb1c110d5003202c9395bf,2026-06-24T11:37:45Z,2026-06-24,11:37:45,16.9,6986cba3e8ebc723b0882887,6a2fd7d2f88ab129009bc95d,6a3ba2c4df06480cb38ca678,TRUE,,,en,hi,,29.3,female,0.527777777777778,5.28571428571429,5.8,5,5.66666666666667,flute,14,yes
c9e1d60143a9e925c6f19f28f97307b7a1ae2ec7b98009e3334f5fe8099a1a7a,2026-06-24T11:18:48Z,2026-06-24,11:18:48,11.2,69f36a494aaebd1a87385594,6a2fd7d2f88ab129009bc95d,6a3ba0f2a86958684ed8ce68,TRUE,,,en,ro,,29.6,male,0.555555555555556,2.14285714285714,5.2,1.33333333333333,2,no instrument,,no
d94696b1b8fc413efc5fd91e25eb445ae83ef39c435e497ffef754d4faea6877,2026-06-24T11:38:37Z,2026-06-24,11:38:37,16.4,6a00d9031edd8554ba4f83d4,6a2fd7d2f88ab129009bc95d,6a3ba37a3524978092f73643,TRUE,,,en,other,,59,female,0.402777777777778,3.57142857142857,4.4,3,4.33333333333333,other,18,no
0e822c1f94acf6449e9a500dc157bb779f1793170665e1b1b9ce7f97cdec00f1,2026-06-24T11:41:23Z,2026-06-24,11:41:23,14.1,695ff8e2ea8b62d189ea07cd,6a2fd7d2f88ab129009bc95d,6a3ba4729d6eefd8544f247b,TRUE,,,en,zh,,33.8,female,0.555555555555556,1.85714285714286,2.2,1,2.66666666666667,no instrument,,no
307aa9b851b8997417dcdc76202ec58671bcca118f465d4fb5f9ac3eee3655e1,2026-06-24T11:19:13Z,2026-06-24,11:19:13,36.3,611d1c9f1474271461e265a9,6a2fd7d2f88ab129009bc95d,6a3ba0fc2de7b346bff63c1e,TRUE,,,other,en,,29.7,male,0.5,5.28571428571429,4.4,5.33333333333333,5.33333333333333,drums,10,yes
54dd428fe28d5d4222a2b10b75bb54c2095f52eb94df40679ac096931a0103f2,2026-06-24T11:38:45Z,2026-06-24,11:38:45,17.3,651c7ab79b9fa0baac98b060,6a2fd7d2f88ab129009bc95d,6a3ba563bd327f4f699d5f9d,TRUE,,,other,en,,23.5,female,0.5,2.57142857142857,4.2,1.66666666666667,3.33333333333333,no instrument,,yes
8b5ab7f115178229bc97e1c4e7e3d1198329003ad9d8b7fb474dd802822a608c,2026-06-24T11:38:47Z,2026-06-24,11:38:47,17,6a1980e531436c4716bbd502,6a2fd7d2f88ab129009bc95d,6a3ba53e82ba988c238d6635,TRUE,,,en,en,,35.4,female,0.555555555555556,5.14285714285714,6.4,3.33333333333333,6.33333333333333,drums,9,yes
984bce0a2c4ff4694496e6d8caf11985b8c04583fb7499de798fc37f50e38520,2026-06-24T11:40:32Z,2026-06-24,11:40:32,15.6,65fadee67845da730644d756,6a2fd7d2f88ab129009bc95d,6a3ba5ca65ea37dcb63962e1,TRUE,,,none,en,,45.5,female,0.444444444444444,5,4.6,4.33333333333333,5.66666666666667,guitar,17,yes
a01a9b3667ce6811c10d9b6fb9937baf72db0e10edb72e24352f362e9fa0023c,2026-06-24T11:39:22Z,2026-06-24,11:39:22,17.2,6972614dc411ac27f83d9b70,6a2fd7d2f88ab129009bc95d,6a3ba19501ae9635216bef7d,TRUE,,,en,pl,,32.4,female,0.527777777777778,3.28571428571429,4,2.66666666666667,4,voice,,no
b1a6158d2442beceb89eded6fbcdb30cfedafb5ed9a450571ee8a48e1d79ae04,2026-06-24T11:41:21Z,2026-06-24,11:41:21,14.9,69ea9b4cf64e6ff366290759,6a2fd7d2f88ab129009bc95d,6a3ba18ca2ee810171d57f68,TRUE,,,hi,en,,32.4,female,0.458333333333333,4.57142857142857,5,4,5,guitar,14,yes
c491288487486d0781cce82c86039336adf4b59abbc79bcc282cc657ebf7422f,2026-06-24T11:35:27Z,2026-06-24,11:35:27,20.7,697ceef83c5a1d1a0f21c6c1,6a2fd7d2f88ab129009bc95d,6a3ba460535483c0ccfbe2c6,TRUE,,,en,hi,,20.8,female,0.5,4.85714285714286,5.2,4.66666666666667,5,piano,15,no
eab81bbee8749cd6467b55a8d7226b30c45d295074b0b115845018514ad656ae,2026-06-24T11:42:33Z,2026-06-24,11:42:33,13.9,6a0a03dd289a037c7fa5b887,6a2fd7d2f88ab129009bc95d,6a3ba64a5aead43192c3ec80,TRUE,,,other,en,,27,female,0.472222222222222,3.85714285714286,4.2,3.33333333333333,5,piano,7,no
f63fae2a0637d15347e7ed5f917bceb7898d4e9b75b61c3a3502636c8d130507,2026-06-24T11:44:29Z,2026-06-24,11:44:29,11.2,6980e98030e78198b3f6c88d,6a2fd7d2f88ab129009bc95d,6a3ba20b341164fddc81bb88,TRUE,,,en,other,,25.8,female,0.611111111111111,3.85714285714286,5,3.66666666666667,3.66666666666667,piano,9,yes
0e16551e803639fa7bba87ab5be200a11dce26efc670089bbd6d6a1c5a649217,2026-06-24T11:43:20Z,2026-06-24,11:43:20,13.5,6980bff5e4be64da2d6c8914,6a2fd7d2f88ab129009bc95d,6a3ba3bb8a80b90bcc41f520,TRUE,,,en,ar,,21.8,female,0.527777777777778,3.85714285714286,4.4,3,5,voice,16,no
572ec84663df1a587766fba516514632dac65b21561192de93fccf0926584d88,2026-06-24T11:19:20Z,2026-06-24,11:19:20,11,69f0b7ddbaaead7656414805,6a2fd7d2f88ab129009bc95d,6a3ba1069c7d1c04f249a2a1,TRUE,,,none,en,,37.8,female,0.541666666666667,2.42857142857143,3.8,1,4.33333333333333,no instrument,,no
fd15b3e9f2c226f149f68a17b140e78640bd9cbb83e1bf4d20e60c4146ef695e,2026-06-24T11:18:52Z,2026-06-24,11:18:52,11.5,6a027baed23559d36d81a1ef,6a2fd7d2f88ab129009bc95d,6a3ba0efc3ce52564210786d,TRUE,,,es,en,,30.5,female,0.402777777777778,3.71428571428571,4.8,2.66666666666667,5,voice,,no
3a8849ebdcf5c4f05cb8e01a150697c3c4689fdeae59f76ea96844105644c44f,2026-06-24T11:45:02Z,2026-06-24,11:45:02,12.8,69f1f9fe2aeb480ab8168d0f,6a2fd7d2f88ab129009bc95d,6a3ba18c693b982ab276404d,TRUE,,,en,ar,,38.9,male,0.486111111111111,3,4.8,2.33333333333333,3,no instrument,,no
9929c630fbc8584d5758fb649711329f8e650652782a4a375448516e58826b45,2026-06-24T11:46:07Z,2026-06-24,11:46:07,12.5,5c5cad3e4ee81200018eafe2,6a2fd7d2f88ab129009bc95d,6a3ba73bf721df24ed17bb20,TRUE,,,none,en,,76.4,male,0.513888888888889,3.28571428571429,6.2,2.33333333333333,3,voice,9,no
0e58067a1900d9385d818fd4a1564c21c06f6d96161a13dbb069723864cc1848,2026-06-24T11:37:23Z,2026-06-24,11:37:23,22,69defeae3e5e15d22c4ad5a6,6a2fd7d2f88ab129009bc95d,6a3ba4d2424dd0b666d078fd,TRUE,,,none,en,,43.2,male,0.458333333333333,4.14285714285714,4.4,3.33333333333333,5.66666666666667,guitar,16,no
1c79d184c9092e5b39f7df0020c04826921c867a342729a3aeb566c1ab5c2840,2026-06-24T11:47:58Z,2026-06-24,11:47:58,11.5,5d332957d0635b00013bd785,6a2fd7d2f88ab129009bc95d,6a3ba7c8791ff39dfae59864,TRUE,,,other,en,,30.4,female,0.555555555555556,2.14285714285714,3.6,1,2.66666666666667,no instrument,,no
3349927591ae9bf01083751c18cbe817fb38b7f83a3647d877339ac58a9e0186,2026-06-24T11:44:12Z,2026-06-24,11:44:12,14.9,6983057a58868f21af802e20,6a2fd7d2f88ab129009bc95d,6a3ba113f37486dfb8e22e0a,TRUE,,,other,en,,27.8,male,0.555555555555556,4.28571428571429,4.2,4.33333333333333,4.66666666666667,piano,11,yes
604a3fa000567e2d1ef07f2cac0a217d4d915f9ebcbc5bf3f80be7cf397d62d6,2026-06-24T11:42:18Z,2026-06-24,11:42:18,17.2,6a06e1b02d72982048911aff,6a2fd7d2f88ab129009bc95d,6a3ba64bca3c843a7e1ef900,TRUE,,,other,en,,24.4,male,0.597222222222222,4.57142857142857,4.4,4,5.66666666666667,voice,18,yes
85e9e8d0b4e7789fd365d84bec7a60eeb44502105d7c30e32e9f6ce4b181c707,2026-06-24T11:45:07Z,2026-06-24,11:45:07,14.1,6991db8ea8b3bf2c3dacd62f,6a2fd7d2f88ab129009bc95d,6a3ba6f12a7072c0f499df1e,TRUE,,,es,fr,,37.6,male,0.541666666666667,2.57142857142857,4.6,1.33333333333333,3,no instrument,,no
c2966c259c2f4634a5996babc722658b79cb348b126abf31e217d1101fa07879,2026-06-24T11:43:50Z,2026-06-24,11:43:50,15.4,660d6a1f4a7f1337de235daa,6a2fd7d2f88ab129009bc95d,6a3ba301032cfd6098990517,TRUE,,,other,en,,60.2,male,0.5,3.71428571428571,5,3.66666666666667,4.33333333333333,piano,6,no
f9a461203f9f8885380c8970fb67bd3924428cce6df427ea29fe3452fcb044cd,2026-06-24T11:46:47Z,2026-06-24,11:46:47,12.1,6556f9b8ba4c39dd820fc829,6a2fd7d2f88ab129009bc95d,6a3ba5056de24257fee92e0f,TRUE,,,none,ko,,27.6,female,0.458333333333333,4.14285714285714,5,3,5.33333333333333,drums,9,no
b365a089f3570af87cac2d15389e2e378996fb42c5dd7da8806e239e898d6117,2026-06-24T11:18:50Z,2026-06-24,11:18:50,11.7,69f0e075eeee75ad03c2c076,6a2fd7d2f88ab129009bc95d,6a3ba0ed96220a83d9d11c31,TRUE,,,en,en,,31.8,female,0.444444444444444,4.14285714285714,5.4,3.33333333333333,4.66666666666667,guitar,13,yes
e8c7a6147732a7e3369d8e7256ab6883b26cd70299a22e109686fe512d41a189,2026-06-24T11:48:08Z,2026-06-24,11:48:08,11.6,698efef1438547b96c1e2343,6a2fd7d2f88ab129009bc95d,6a3ba68a942b7cda2c1231d0,TRUE,,,none,pl,,26,female,0.611111111111111,2.57142857142857,3.8,1,3.33333333333333,no instrument,,no
c7ebe7ff2e5093f82002572b33b766cc7395ed4fc9d91cc1e612e0f0d8b0580a,2026-06-24T11:44:57Z,2026-06-24,11:44:57,15,69f9fe89604a517c9506c3f8,6a2fd7d2f88ab129009bc95d,6a3ba285fd9201605a456542,TRUE,,,other,en,,20.4,male,0.513888888888889,3.57142857142857,3.8,3,4.33333333333333,drums,16,no
d9ac4055db6d08245afe3118d56c1cae7ca090fbbe17a13aacc94a45dda61c29,2026-06-24T11:41:52Z,2026-06-24,11:41:52,18,6a221d5ffb170e133a760397,6a2fd7d2f88ab129009bc95d,6a3ba634aadc7011137a8904,TRUE,,,en,es,,41.8,female,0.486111111111111,4.57142857142857,4.8,3,6,voice,7,no
4dfd38bbacb2c09a359c047328c3a06723e48a6cccf0df37e3263b32d7d41fee,2026-06-24T11:47:08Z,2026-06-24,11:47:08,13.3,699f14dfa3f70d3c06cafbc8,6a2fd7d2f88ab129009bc95d,6a3ba2cd873cd6da48751980,TRUE,,,other,ro,,32.9,female,0.680555555555556,5.57142857142857,6.2,4.66666666666667,6,piano,5,no
726948c3a1698851c57879a7e1bc531b45233d2b60c6bc87bf7a9c30e1cfaafb,2026-06-24T11:48:52Z,2026-06-24,11:48:52,12,69f2365175809537a471ea61,6a2fd7d2f88ab129009bc95d,6a3ba6f53d2387ed5384f069,TRUE,,,none,en,,20.5,female,0.5,2.42857142857143,3.4,2.33333333333333,2.33333333333333,no instrument,,no
944a6097f9756e31f2cc771daf0b23a2edd54616a49b44e671682d14f86dfb48,2026-06-24T11:46:20Z,2026-06-24,11:46:20,14.6,67430df71e7e37b5843c7f0a,6a2fd7d2f88ab129009bc95d,6a3ba11a5d1f9d53218db871,TRUE,,,en,en,,24,male,0.555555555555556,4.85714285714286,4.4,5,5,drums,13,yes
ce491fe90b0a3a76b2bbfd00d000455c8d44d432b406bd1716913ffa44e693d2,2026-06-24T11:46:54Z,2026-06-24,11:46:54,14,6a183dece5c4c54e846135f3,6a2fd7d2f88ab129009bc95d,6a3ba56a2b234b641f84fe0d,TRUE,,,none,en,,28.3,female,0.583333333333333,3.57142857142857,4.6,4.33333333333333,3,flute,5,no
cf42b67cf8b34325d5a158953d24422e6ff979acd1114bb92ec2e8fa82caff48,2026-06-24T11:47:59Z,2026-06-24,11:47:59,13,6605852ff5914c22f592a372,6a2fd7d2f88ab129009bc95d,6a3ba2137f502b9d51d47d56,TRUE,,,en,other,,49.8,female,0.555555555555556,3.42857142857143,4.8,2.66666666666667,3.66666666666667,no instrument,,no
8e03200cad0eafb48cf3897edcc8e2c828ecb71cae83a8956070d6f3a1970f65,2026-06-24T11:41:00Z,2026-06-24,11:41:00,20.4,6981d49e1bc72339a05ddcde,6a2fd7d2f88ab129009bc95d,6a3ba1073697751ce9ae0951,TRUE,,,en,hi,,34,female,0.569444444444444,3.85714285714286,5.2,3,4.33333333333333,guitar,16,no
413f67ac75beba2ed360a36795ccb922fd6468ffd60ddeb786aa45d1ed21fd3a,2026-06-24T11:39:48Z,2026-06-24,11:39:48,21.9,697cf5878bae1ccc809fd2b8,6a2fd7d2f88ab129009bc95d,6a3ba4059b73ba4443009e99,TRUE,,,other,hi,,33.8,female,0.319444444444444,2.42857142857143,3.4,1.66666666666667,3.66666666666667,voice,,no
4c9d3479563d28cd715af254f8afe1dcb1a70a3ec7288cafe8851c7530c3cd9e,2026-06-24T11:51:02Z,2026-06-24,11:51:02,10.9,627a76b96bea55210aecbba9,6a2fd7d2f88ab129009bc95d,6a3ba687d9c34a6ccda7f314,TRUE,,,none,en,,35.2,male,0.597222222222222,3.42857142857143,5,1.33333333333333,5,no instrument,,no
83e9f118f505822886ef07dd4956a0bd079f37427d1ffca4dd486e91de791922,2026-06-24T11:46:30Z,2026-06-24,11:46:30,15.7,6a21284b47879f9ed555b866,6a2fd7d2f88ab129009bc95d,6a3ba63c687eed4a59581549,TRUE,,,en,other,,33.8,male,0.527777777777778,4,4.2,2,6.66666666666667,no instrument,,no
0098312a100f4d520d681f0951a6aa429782bab78638852bee525ea255e961cc,2026-06-24T11:50:32Z,2026-06-24,11:50:32,12.2,6a05bb73dc329d6061a10df3,6a2fd7d2f88ab129009bc95d,6a3ba7bce7d8551d290e44d7,TRUE,,,en,it,,20.2,female,0.569444444444444,3.85714285714286,4.2,2.33333333333333,6.33333333333333,flute,10,no
59a521643a1b38f66c20c743841f8b424bc0c63309b446922ea563370b3ab485,2026-06-24T11:46:04Z,2026-06-24,11:46:04,16.7,69fe5858f55c6a80ba691640,6a2fd7d2f88ab129009bc95d,6a3ba6b382a92fc77b460ec5,TRUE,,,none,en,,42.8,male,0.430555555555556,2.85714285714286,4.8,2,3.66666666666667,other,7,no
77e6a3fd4aa9dd86b9994684389b0f59d6af3b1b072e9b1e385e272ea94d37a0,2026-06-24T11:47:19Z,2026-06-24,11:47:19,15.3,605a198cb247086bbe13d2d5,6a2fd7d2f88ab129009bc95d,6a3ba76c4fc71ed4d36fd7f4,TRUE,,,other,en,,34.9,male,0.569444444444444,4.42857142857143,4.4,3.66666666666667,5,voice,6,no
6b5ece3ee1c13947eef31d3145b306f766f371682153353fdcaf45035f2befd9,2026-06-24T11:51:53Z,2026-06-24,11:51:53,11.1,6974888bb9b8979064a17d5d,6a2fd7d2f88ab129009bc95d,6a3ba642b6557bc65e6a83c8,TRUE,,,en,nl,,49.6,female,0.569444444444444,4.57142857142857,5.2,4.33333333333333,4.66666666666667,voice,14,no
d90ba990c5001040b6a405b05019a21192091f934ca3e82fe3c9fcd3e4d022e7,2026-06-24T11:18:42Z,2026-06-24,11:18:42,45.2,60dca45abca3eb229bafdedf,6a2fd7d2f88ab129009bc95d,6a3ba0e71c17ff6e9445d7bd,TRUE,,,none,en,,38.5,female,0.486111111111111,3.85714285714286,4.2,3.66666666666667,4.33333333333333,guitar,14,no
3c0beaa66a2a4127df552885a81b223bb21487fc2c8bd2abd3050bb58d213752,2026-06-24T11:50:34Z,2026-06-24,11:50:34,13.8,698df142d054f8431ce899c0,6a2fd7d2f88ab129009bc95d,6a3ba69ff6f8b8c57aa59c30,TRUE,,,en,pl,,26,female,0.555555555555556,4.14285714285714,3.6,3.33333333333333,5.33333333333333,voice,9,no
e3ae294795e7e82cd9ef0c9a9804478c04f0314b229369a4bb3a8cfed731eaa7,2026-06-24T11:37:28Z,2026-06-24,11:37:28,27.1,69c29ecdf9a92efab6908a2c,6a2fd7d2f88ab129009bc95d,6a3ba17a3ab2f31b874e2177,TRUE,,,other,en,,29.7,female,0.513888888888889,5,4.8,4.33333333333333,5.66666666666667,piano,11,no
53e2c80596d1ee2b622736284b186a31371c38e707a416ba38fd3ef2a3056e11,2026-06-24T11:48:53Z,2026-06-24,11:48:53,16.3,69b341f36f1a2fb1ca2cefb4,6a2fd7d2f88ab129009bc95d,6a3ba74f1d1738ff3bc02656,TRUE,,,none,ar,,23.8,female,0.472222222222222,3.42857142857143,5.2,3,3.66666666666667,voice,9,no
a9a3e82a41f30e91202ffcfb0fc41b72176c5f5e1762fd9772b486adcb9d6bc9,2026-06-24T11:50:22Z,2026-06-24,11:50:22,15.2,698372b8c01125d8646f0ccc,6a2fd7d2f88ab129009bc95d,6a3ba7bc2edb442e04f57d72,TRUE,,,ar,ar,,27.8,female,0.458333333333333,4.57142857142857,5.6,4,4.66666666666667,violin,9,no
094aa21b34d7ff7349609e1172c1fe6598cf753a27bdddb8db3ec07a9b764aa8,2026-06-24T11:51:32Z,2026-06-24,11:51:32,14.2,600b5191a434df19524dd1a0,6a2fd7d2f88ab129009bc95d,6a3ba8345fd93ed0c952742f,TRUE,,,none,en,,43.3,female,0.569444444444444,5.85714285714286,6.8,5.66666666666667,5.66666666666667,guitar,7,no
5239bb0eb04c0db728b3a05fd23293e41ad74d7f52d10e2e89e7687414a7a181,2026-06-24T11:52:55Z,2026-06-24,11:52:55,12.8,6a05cb0037bdb5b5c5188d47,6a2fd7d2f88ab129009bc95d,6a3ba3eefbdb7dfff4c42b69,TRUE,,,en,other,,19.9,female,0.680555555555556,5.42857142857143,5.6,4,7,voice,7,no
1871cfebf8cdc182e4417411d3ee813ab63e1874118ae7f9ec6ed4fbd4b4be18,2026-06-24T11:55:12Z,2026-06-24,11:55:12,11.1,697b23f24e0252dfb327f950,6a2fd7d2f88ab129009bc95d,6a3ba69b275ce1697af9133d,TRUE,,,other,es,,20.2,female,0.541666666666667,2.42857142857143,1.8,1.33333333333333,3.66666666666667,no instrument,,no
c12a944980a783459507d4526632aea93ea9a0f4d5ccad00fff7879425d59e16,2026-06-24T11:47:38Z,2026-06-24,11:47:38,19.4,6982d67f074a98f8fde21099,6a2fd7d2f88ab129009bc95d,6a3ba6c7e77a147a1200e038,TRUE,,,other,en,,29.1,female,0.444444444444444,5,6,3,6.66666666666667,trumpet,18,yes
c6924cc553082280f387d07fcdd4c94fd9b7d4b35b56a04e5952f614128041ae,2026-06-24T11:55:05Z,2026-06-24,11:55:05,12,66a0f84bcbb8ad645d2777a6,6a2fd7d2f88ab129009bc95d,6a3ba72a7e867c12248fc903,TRUE,,,en,pl,,28.1,female,0.555555555555556,5,6.4,3.33333333333333,6,guitar,11,no
e5fcb33230b8cd76608e98b8044a883839a3e9b92000023ac2efb90cd0df75d5,2026-06-24T11:51:29Z,2026-06-24,11:51:29,16,60551c921afebad605bfd329,6a2fd7d2f88ab129009bc95d,6a3ba82f603a2888be1c7cb5,TRUE,,,none,nl,,50,male,0.541666666666667,2.71428571428571,5.2,1,3.33333333333333,voice,,no
85b6849b5733de84faadc1362ff4a66e85205f66a130be373554f4bb470c336a,2026-06-24T11:45:50Z,2026-06-24,11:45:50,22.1,6a0c0b6695479eb24c99b186,6a2fd7d2f88ab129009bc95d,6a3ba742176a76ec1b453b50,TRUE,,,en,pl,,39.8,female,0.541666666666667,2.85714285714286,3.8,1.33333333333333,5,no instrument,,yes
f845e1e587095b85efc1c60a2b553025f163e09e92f197c672459bcf38c6700a,2026-06-24T11:56:57Z,2026-06-24,11:56:57,10.8,69fcf5221fbf1987a112562d,6a2fd7d2f88ab129009bc95d,6a3ba9cfafd5a482e0389342,TRUE,,,none,en,,49.3,male,0.458333333333333,3.85714285714286,4.4,3,5,voice,8,no
30dc7d7bac28b2b517cbd3a1e324d5d4b4335154b837e23ded87a33a3f333b9b,2026-06-24T11:48:46Z,2026-06-24,11:48:46,19.4,605f856a958ba27c0300c200,6a2fd7d2f88ab129009bc95d,6a3ba7c1e3c5188ffc7da043,TRUE,,,none,nl,,50,male,0.5,3.14285714285714,4.8,2.33333333333333,3,voice,5,no
ca104f20cd94452f9f6fd06c38ef43232a837b8c7d1cdb6d26a1d1b318b172d9,2026-06-24T11:55:57Z,2026-06-24,11:55:57,13.2,67d00e89869f56bc67682c09,6a2fd7d2f88ab129009bc95d,6a3ba9878efa21a564b53496,TRUE,,,none,en,,27.3,female,0.402777777777778,4.57142857142857,5.2,3.66666666666667,6,guitar,13,no
299792e544f16809d7fa75cc78d29347d24d39bc110d6710b069238048f51f0d,2026-06-24T11:52:33Z,2026-06-24,11:52:33,17.4,69a1a0ea10a7df83e3887c25,6a2fd7d2f88ab129009bc95d,6a3ba69763617114178b1e8f,TRUE,,,en,ar,,35.8,male,0.458333333333333,4.14285714285714,6.2,3.33333333333333,4,voice,8,no
751b0b6806bab171d02d70dabcaec3173b0f0ae9024f8a7811f77743b54537d9,2026-06-24T11:53:57Z,2026-06-24,11:53:57,16.2,65e0c2e2e32784e64bf561d2,6a2fd7d2f88ab129009bc95d,6a3ba839f737c3ba63b4d11c,TRUE,,,other,en,,27,male,0.541666666666667,6,6.4,5.66666666666667,6,piano,11,yes
ba67358d881c2d1571eada29ceebbff2700348eb426f23e097b74f9dd369363b,2026-06-24T11:53:56Z,2026-06-24,11:53:56,16.3,60fdcb486e092bc7c1d9c748,6a2fd7d2f88ab129009bc95d,6a3ba8a15d1a8decfdd25824,TRUE,,,other,en,,39.2,male,0.541666666666667,4,5,2,5.66666666666667,no instrument,,no
17fa758c1951d1f4b1451cb7941a2d2128440fb2d068007cb05e47d6eb14b964,2026-06-24T11:52:33Z,2026-06-24,11:52:33,17.7,6169448f3994a2d71e091810,6a2fd7d2f88ab129009bc95d,6a3ba72979cd430089d5f71e,TRUE,,,other,en,,31.4,male,0.555555555555556,5.28571428571429,5.6,5,5,voice,,no
1c6b848e68140b90925ab7b730df0ffb5b8dfde7c14345e8e5b6624205868147,2026-06-24T11:46:57Z,2026-06-24,11:46:57,23.4,6a063f2083cd76079cde6497,6a2fd7d2f88ab129009bc95d,6a3ba7013266524629454b5c,TRUE,,,en,other,,48.8,female,0.527777777777778,4.14285714285714,5.2,2.66666666666667,5.33333333333333,clarinet,7,no
70b24473923728287aa127cb6d6db2d77b891177734830c7b6547399acbb4eb4,2026-06-24T11:55:52Z,2026-06-24,11:55:52,14.7,612f100e6abefeac4f3d4cd0,6a2fd7d2f88ab129009bc95d,6a3ba6067e520c777da3f45c,TRUE,,,other,en,,27.4,male,0.430555555555556,5.57142857142857,5,5.66666666666667,5.66666666666667,voice,11,no
a0b5caa46b046d44c82cd8e1138fc9b208b523e600e326c6b63db35635b5e313,2026-06-24T11:57:23Z,2026-06-24,11:57:23,13.1,6658bbefeacd7bcadeef885f,6a2fd7d2f88ab129009bc95d,6a3ba9eaa186c88922d42799,TRUE,,,none,en,,46.1,male,0.569444444444444,3.71428571428571,5,2.66666666666667,4.33333333333333,voice,7,no
f6173ac3b9d7bc33707bd6710fe54582a893a4c59a7feec1b2d5bc57d5aeb85b,2026-06-24T11:54:24Z,2026-06-24,11:54:24,15.9,69e900e98833ff15be7e29a4,6a2fd7d2f88ab129009bc95d,6a3ba912f71eefa4e152e8ff,TRUE,,,none,pl,,21.8,female,0.5,2.42857142857143,3.2,1.33333333333333,4,guitar,11,no
f469ae1e5102d4e3f85fc49558ac3b45af06bbcbf2078a75c565eecc48416368,2026-06-24T12:00:15Z,2026-06-24,12:00:15,10.7,6a221d5ffb170e133a760397,6a2fd7d2f88ab129009bc95d,6a3ba634aadc7011137a8904,TRUE,,,en,es,,41.8,female,0.625,5.42857142857143,5,4,6.66666666666667,voice,7,yes
3a352a04a5c9716e59d2a072e457b3801900b7574e750ec4b2683df42e62346c,2026-06-24T11:53:29Z,2026-06-24,11:53:29,18,67215aa0a8e88c6751efc410,6a2fd7d2f88ab129009bc95d,6a3ba856c879f02ca7e06710,TRUE,,,other,en,,28,male,0.458333333333333,2.85714285714286,4.8,1.66666666666667,3,voice,11,no
e33c02b1e8863b83e27c56e137f67c2d63fba42af3d686f9013e23c0daad362a,2026-06-24T11:57:21Z,2026-06-24,11:57:21,14.2,6161cb3de3d274978d46575b,6a2fd7d2f88ab129009bc95d,6a3ba9fbbf33b708d538a440,TRUE,,,en,other,,25.8,female,0.430555555555556,5.42857142857143,5.2,6.33333333333333,4.66666666666667,voice,14,no
a27388dc9abb3c41f5ef169c526453e78176c838dee72e1fe078021f67b2509a,2026-06-24T11:50:39Z,2026-06-24,11:50:39,21.2,682897158b5dddbbaeb4329e,6a2fd7d2f88ab129009bc95d,6a3ba815bfa114ef9bb39ea9,TRUE,,,none,en,,25.6,female,0.5,3.42857142857143,4.4,2.33333333333333,5.33333333333333,voice,7,yes
c6ad2cbc4fa12fb9a931022a4b4ab2ac26f168c708d64b830b03d7c64e06de3f,2026-06-24T11:58:20Z,2026-06-24,11:58:20,13.5,6a11cc28f89e43d219a1d102,6a2fd7d2f88ab129009bc95d,6a3baa32137075decec4d65b,TRUE,,,en,it,,36.6,female,0.555555555555556,4.85714285714286,5,3.33333333333333,6,flute,9,no
44e183b6d8f11c9ac14fc42aa5bb4f244ee953f8632e9785ad9a5e44fb5327cd,2026-06-24T11:55:19Z,2026-06-24,11:55:19,16.8,672289c4feed35d829d563a6,6a2fd7d2f88ab129009bc95d,6a3ba1c226274ebd3a1a7e98,TRUE,,,en,en,,24.6,male,0.444444444444444,4.28571428571429,4.4,3.66666666666667,5.66666666666667,guitar,7,yes
bb1079b11367262f68d04eaedab7cf6dc7f4bd287ba0e3d0139da14c55ea8087,2026-06-24T11:57:11Z,2026-06-24,11:57:11,15.1,69ee22bf8471f5d758e2f065,6a2fd7d2f88ab129009bc95d,6a3ba87b37697e4bc30b1a54,TRUE,,,it,en,,26,male,0.527777777777778,5.28571428571429,7,5,5,voice,9,yes
5e0b6ec3de6505282fa28699a765b3c0945938794de5b759a9d9b794abf1045b,2026-06-24T11:56:47Z,2026-06-24,11:56:47,15.8,69dd6ad13b039a859ddf8d61,6a2fd7d2f88ab129009bc95d,6a3ba74e1fa77f5df3751990,TRUE,,,other,en,,35.2,female,0.527777777777778,4.85714285714286,6.2,4,5,guitar,11,yes
b2208137c9b0d9ec6c57b95f99f256f415078f861762bcdf79189df8127a68f5,2026-06-24T11:56:01Z,2026-06-24,11:56:01,16.5,66b9af8ca020d514f5131634,6a2fd7d2f88ab129009bc95d,6a3ba440c6542c259ad427b3,TRUE,,,none,en,,27.4,male,0.388888888888889,4.85714285714286,4.4,5,4.66666666666667,drums,18,no
e1d99b9465419e2bd857ab02b29f7fc1b289d5fe8eb1dcc90f35570e6c43e4f8,2026-06-24T12:00:14Z,2026-06-24,12:00:14,12.3,5e7fa0e918b10804bb87eb63,6a2fd7d2f88ab129009bc95d,6a3ba81a66ce03751ad47d52,TRUE,,,none,en,,54.2,female,0.486111111111111,4.28571428571429,4.6,2.66666666666667,5.66666666666667,voice,6,no
3d105ca559f349c355caf24724a07d54f6590363945c4c763af76670087d0f7b,2026-06-24T12:00:50Z,2026-06-24,12:00:50,12.6,6a0789ca19c089d5bcac8831,6a2fd7d2f88ab129009bc95d,6a3baac3e0e6657023903baf,TRUE,,,none,es,,21.6,male,0.541666666666667,4.71428571428571,6,3.66666666666667,5.66666666666667,guitar,6,no
79583ed7fddcda8e87e4265868ec09f304e7eec427df3fa9d8bfb740f0ad49ba,2026-06-24T11:48:51Z,2026-06-24,11:48:51,24.4,67360100194df168175f0d61,6a2fd7d2f88ab129009bc95d,6a3ba2d95662ba13f3d56872,TRUE,,,none,en,,25.4,male,0.5,4.85714285714286,4.6,4.66666666666667,5.33333333333333,viola,9,yes
80034215543e4eaad4bc66a1ce6da9e67b44f95336cce49c91709a729e7c0c32,2026-06-24T12:02:30Z,2026-06-24,12:02:30,11.4,6a01826340c2ff24817e6933,6a2fd7d2f88ab129009bc95d,6a3baaf5c1e147974f9e0841,TRUE,,,none,en,,62.4,female,0.486111111111111,2.85714285714286,4.6,1,5.33333333333333,no instrument,,no
cc42d21848fdd8aee3ca8289d3841adabbd6a17e06df25f9566358c93cf6644a,2026-06-24T11:54:35Z,2026-06-24,11:54:35,19.5,61655d53d3534630131522c3,6a2fd7d2f88ab129009bc95d,6a3ba8b8d201a354e7157c33,TRUE,,,none,en,,28.1,male,0.569444444444444,4.85714285714286,6.2,4.33333333333333,4.66666666666667,voice,17,no
bc1571d97045b2f46c50b72514fdaaa4796efb7996051b63636636833f71b25f,2026-06-24T12:03:47Z,2026-06-24,12:03:47,11.4,698351788833bcdaa3c391ce,6a2fd7d2f88ab129009bc95d,6a3bab42b81aa53ddaa7d219,TRUE,,,en,ro,,21.8,female,0.486111111111111,3.57142857142857,4.6,3.33333333333333,3.66666666666667,guitar,16,no
c2c6a95c31973bae2d148d48efa886891665fb64e9414191b6f16717109193f9,2026-06-24T11:56:27Z,2026-06-24,11:56:27,18.8,67d0094243dae460e5682b51,6a2fd7d2f88ab129009bc95d,6a3ba988870f572c90a3361a,TRUE,,,none,en,,27.2,male,0.527777777777778,5.28571428571429,6.4,5,5,guitar,16,no
c4034681aab9cfeba262c0260168eb365312227c47763860c2f8ae4e99c47bc1,2026-06-24T11:55:43Z,2026-06-24,11:55:43,19.3,60e9f29fe1f58945339696d0,6a2fd7d2f88ab129009bc95d,6a3ba98f7feb2c5b9f7dbba8,TRUE,,,en,en,,32.3,male,0.5,5.14285714285714,4.6,4.66666666666667,5.66666666666667,voice,,no
096e34547b6f410c23f6088e1bfd11e763baf1c7fc75e341f58e5070d5873f8e,2026-06-24T11:54:46Z,2026-06-24,11:54:46,20.5,60e46e6f6bc0c2cdf5d077ce,6a2fd7d2f88ab129009bc95d,6a3ba6a8d93e8f72ed49a2ae,TRUE,,,none,en,,33.2,male,0.430555555555556,5,5,5,5,voice,9,yes
0f956302f28ebc6d1ba914c140e4e424997a49b48468123a1181ef8c345c9773,2026-06-24T11:53:26Z,2026-06-24,11:53:26,21.9,5c50568e66d4560001d38743,6a2fd7d2f88ab129009bc95d,6a3ba9091edc2158850b520a,TRUE,,,none,other,,31.3,female,0.375,5.14285714285714,5,5.66666666666667,4.66666666666667,trumpet,4,no
2961201b49dd81051d4c2941c1cc57c3059689d232d4503a081e10e59157e009,2026-06-24T11:57:44Z,2026-06-24,11:57:44,17.5,6982e022072cf2f69a036e17,6a2fd7d2f88ab129009bc95d,6a3ba695ee2e2e9bb1cf892e,TRUE,,,other,en,,29.9,female,0.444444444444444,2.57142857142857,3.4,2.33333333333333,2.66666666666667,voice,16,no
4a2687e6bac1240b6c4e85eff2d2ca8fbad6dddd3a9ca4768cb81b8661bd5f6f,2026-06-24T11:54:08Z,2026-06-24,11:54:08,21.2,5f3d2de8d8edf2051f522f35,6a2fd7d2f88ab129009bc95d,6a3ba830a3321b3665a2b818,TRUE,,,none,en,,35.1,female,0.388888888888889,3.71428571428571,3.8,4,3,no instrument,,no
6f6f4fbcac1b1c4eb8cb3a1f3bbb4954e0f6e5497a09ff4ef17d2ba5372f5639,2026-06-24T11:59:54Z,2026-06-24,11:59:54,16.3,6980b37761737090ad122e6f,6a2fd7d2f88ab129009bc95d,6a3baa2a5a9e5a1a8f456560,TRUE,,,en,ar,,24.8,female,0.541666666666667,3.85714285714286,4.2,3.33333333333333,5,drums,9,no
ddaea33cea1d9c92d3916f8c9034df5eef1c37f30d95a276924063e41201b4dc,2026-06-24T11:55:15Z,2026-06-24,11:55:15,20.6,69f101ba2c3196104e29a359,6a2fd7d2f88ab129009bc95d,6a3ba9782818f59cf441f509,TRUE,,,none,en,,25.7,male,0.541666666666667,4.42857142857143,3.4,4.66666666666667,4.66666666666667,no instrument,15,yes
75eb85020cdce9c8309f9d9993afa1ad47765502c8a29348ef74e29a9226f52a,2026-06-24T11:59:31Z,2026-06-24,11:59:31,17.3,69f09c4bac48e43f4ac7530b,6a2fd7d2f88ab129009bc95d,6a3baa7bdbb861aa25404358,TRUE,,,es,it,,50.8,female,0.388888888888889,3.57142857142857,4.8,3.66666666666667,3.66666666666667,piano,7,no
143a822e824b6bc6b7d612e2c2d803777b05e50c95bb384aac29cf00cce37e51,2026-06-24T12:03:01Z,2026-06-24,12:03:01,14.2,6741c5fefd626cf51bae344b,6a2fd7d2f88ab129009bc95d,6a3ba6bfda55a77a79d59919,TRUE,,,none,en,,27.2,female,0.541666666666667,3.85714285714286,4.2,3,5,piano,10,no
e5dc1f305f532c567cfbf81f0a8d27f2e72e74004dce038307d7343dda3e7f1c,2026-06-24T11:58:08Z,2026-06-24,11:58:08,19.3,677fd706fd04f26f367ace58,6a2fd7d2f88ab129009bc95d,6a3ba7725cbaff30238694ca,TRUE,,,other,en,,21.3,male,0.541666666666667,5.14285714285714,7,5.33333333333333,4.33333333333333,guitar,8,yes
f5480c03f260bb4254d0dbd7b168537ac2f562dc342c33c8341b378b880df53c,2026-06-24T12:01:33Z,2026-06-24,12:01:33,15.9,668948075fca03e75406147f,6a2fd7d2f88ab129009bc95d,6a3ba822c4560c06511a299a,TRUE,,,fr,en,,27.8,male,0.458333333333333,4.71428571428571,5.2,4,5,piano,17,yes
38af1d33734a4fded4cd2f6931fb06ca8808cd864b4ca976ddc310ac54a274b5,2026-06-24T12:04:49Z,2026-06-24,12:04:49,13.1,6a031a0669dda4c2695d1896,6a2fd7d2f88ab129009bc95d,6a3ba42a3dc62cd77e38935a,TRUE,,,other,en,,43.6,male,0.513888888888889,2.42857142857143,3,1,3,no instrument,,no
9e399aeaf3f6c7c66f5ccd5b18f9c8766f6414008c9c4992b233c09e37b24ffc,2026-06-24T12:06:05Z,2026-06-24,12:06:05,12,69fdc3fdd7b73640594954bd,6a2fd7d2f88ab129009bc95d,6a3babe32ea04dbcf3363c16,TRUE,,,none,es,,19.7,male,0.555555555555556,3.28571428571429,3.4,2.66666666666667,4.33333333333333,clarinet,11,no
a4a97e912a11ef3c883beea467c1b000cf4896bf78c9d86b7d7318af584e956e,2026-06-24T12:07:12Z,2026-06-24,12:07:12,11.3,6a21a920cc6fbe926c614a7f,6a2fd7d2f88ab129009bc95d,6a3ba954b9cf7024489b4db7,TRUE,,,en,pl,,25.6,male,0.472222222222222,3.71428571428571,4.6,3.33333333333333,3.66666666666667,voice,5,no
2b2639ff338b6c27ecc39c238b061709278bdbe74a25efbd2c0e4397f83933a7,2026-06-24T11:56:23Z,2026-06-24,11:56:23,22.4,6a026d40b09444137fffa742,6a2fd7d2f88ab129009bc95d,6a3ba9ac487a2ba8cd5c6fe8,TRUE,,,en,other,,47.4,female,0.569444444444444,3,4.6,1.66666666666667,3.66666666666667,no instrument,2,no
b4a84e83c62eee960e7a9987b71276a49af577245f6704ff510e280e0c030fb2,2026-06-24T12:03:36Z,2026-06-24,12:03:36,15.2,6a1892355e94da47a0d7eff0,6a2fd7d2f88ab129009bc95d,6a3bab45709222759aef66a2,TRUE,,,en,nl,,20.8,female,0.583333333333333,3.71428571428571,4.4,2.33333333333333,5.33333333333333,piano,16,no
0c72808a4b6a34e6414eaa84cb90228274be346aa780f904aa04e10c47827587,2026-06-24T11:18:55Z,2026-06-24,11:18:55,12,6a1591aba9b5b5a107bf81e9,6a2fd7d2f88ab129009bc95d,6a3ba0f8641883967138935e,TRUE,,,none,en,,38.7,male,0.361111111111111,4.71428571428571,5.4,5.66666666666667,5,other,10,no
8e8d561cf88452f5ceb4fcf815707a0e2917aa8bb336cc1c8f521ba0ae5d78c6,2026-06-24T12:04:27Z,2026-06-24,12:04:27,14.9,6a063a8f4f1f7193cd52b3f0,6a2fd7d2f88ab129009bc95d,6a3bab27a7d37dcebeb4d143,TRUE,,,none,de,,31.3,female,0.472222222222222,3.57142857142857,4.8,4.33333333333333,2.33333333333333,drums,15,no
c1343e75faf0c3eca9060cd2f1c938c4a8a4f996185ba832cd4030d1b74ff3f8,2026-06-24T12:03:32Z,2026-06-24,12:03:32,15.7,5c9cb670b472d0001295f377,6a2fd7d2f88ab129009bc95d,6a3bab308dffee51cf985461,TRUE,,,other,en,,70.1,female,0.555555555555556,3.28571428571429,4,2,4.66666666666667,no instrument,,no
0361ef11e7d00cc1a84b5484133a66c091b14c1d35d983611870e293916d3e8c,2026-06-24T12:00:44Z,2026-06-24,12:00:44,18.9,697d9844616e0111d1f9ee0c,6a2fd7d2f88ab129009bc95d,6a3baa20962e8be2f184f065,TRUE,,,none,other,,22.9,male,0.555555555555556,3.71428571428571,4,2.66666666666667,5,no instrument,,no
5606bddc63cdb45ba877ee3e287958f56f712a082d8b9242236edbf3f53192be,2026-06-24T11:57:17Z,2026-06-24,11:57:17,22.2,67925255e0d43126183fad60,6a2fd7d2f88ab129009bc95d,6a3ba9e168559e4f369c5e73,TRUE,,,en,other,,39.6,male,0.569444444444444,4.14285714285714,5,4,3.66666666666667,voice,4,no
6a6c639977c964c683903720b03f34326a3791aec35d45f5377cc86ae0bbd85f,2026-06-24T12:03:37Z,2026-06-24,12:03:37,16.1,6980d9a70a7862a47c69046d,6a2fd7d2f88ab129009bc95d,6a3bab4ac3f71c116ccafd8e,TRUE,,,en,ar,,30.9,female,0.472222222222222,2.85714285714286,5,1.33333333333333,3.66666666666667,no instrument,,no
a8e9425b09af4bf7a9a4ff305d924fcbd5b49731724bb398e08efc25a490035c,2026-06-24T12:00:04Z,2026-06-24,12:00:04,20.1,6a1884ff3dd3be879cf3e7db,6a2fd7d2f88ab129009bc95d,6a3ba833a7bbf9aab19934a4,TRUE,,,other,en,,39.8,female,0.625,3.85714285714286,5.2,3.33333333333333,4,voice,11,no
c007958fe0bf14d9a14db6d06a7f0413813fc26893679652547f42e4920a45c3,2026-06-24T12:00:42Z,2026-06-24,12:00:42,19.4,69825cbd669541acbaa797b0,6a2fd7d2f88ab129009bc95d,6a3baabb33a62dc4d46c9d2a,TRUE,,,en,en,,27.7,male,0.486111111111111,3.14285714285714,4.2,2.66666666666667,4,voice,6,no
15034fa64a911041295f752e2b3d1c7bb9ab61df1f8b980fb9debaf0ec6cafe5,2026-06-24T12:06:55Z,2026-06-24,12:06:55,13.6,5e6f58ba2649e051077d8988,6a2fd7d2f88ab129009bc95d,6a3bac245d9575208f5f2899,TRUE,,,none,en,,40.7,female,0.444444444444444,3.57142857142857,5,3,4.33333333333333,piano,18,no
751073902cda960d6fa2c6dbd7a30d2f8b13e14d34213951cbffdef729ed8e36,2026-06-24T11:56:31Z,2026-06-24,11:56:31,24.2,69a17c7edb61f9dcdd9016bb,6a2fd7d2f88ab129009bc95d,6a3ba70bab283e1c47764033,TRUE,,,en,ar,,41.5,female,0.5,4.57142857142857,5,3.66666666666667,5.66666666666667,voice,13,yes
a76ece5b0c7e1541f8bbfdb792ffa6763750cf7a72beb57efa16bb5bd8a6dde1,2026-06-24T12:07:25Z,2026-06-24,12:07:25,13.2,699c7296f691cf9cec75cc85,6a2fd7d2f88ab129009bc95d,6a3bac387b1ede1cdde59875,TRUE,,,none,es,,50.5,male,0.416666666666667,2.28571428571429,3.6,1,3.66666666666667,no instrument,,no
ab4ef2a52a403f63982af24f68fb8137136ede34675f49dbf55f18fc4b571e85,2026-06-24T12:04:04Z,2026-06-24,12:04:04,16.4,697b3f206ba2c3de208573f7,6a2fd7d2f88ab129009bc95d,6a3bab2d256156bb57ba57d5,TRUE,,,en,pt,,53.8,female,0.430555555555556,4.85714285714286,5.6,4,5.33333333333333,guitar,11,no
59b9443bfa88de570e1092907290646d4e41372c164a4b703343f1c809b51c28,2026-06-24T11:55:19Z,2026-06-24,11:55:19,25.8,66714c2440363e99e3aed3a3,6a2fd7d2f88ab129009bc95d,6a3ba97bd16de0da1b7c3817,TRUE,,,en,other,,44.6,male,0.513888888888889,2.85714285714286,5.4,2.66666666666667,3.33333333333333,no instrument,,yes
b8f00bef3cc2f08eabf50754ed8e30612d3adaad26ddfcf9f110868a3969f606,2026-06-24T12:09:14Z,2026-06-24,12:09:14,12.4,69861dfb01ea223b623c0501,6a2fd7d2f88ab129009bc95d,6a3bacc56a6cf2f85e5217f3,TRUE,,,it,other,,48.5,male,0.5,4.14285714285714,3.6,3.66666666666667,5,violin,17,no
cc07b7b4baa9297cbe3add15e2384244e019f3876eb0356fc02b493a9ef9a72f,2026-06-24T11:19:13Z,2026-06-24,11:19:13,11.8,6a21b6e94e9dbc36925fb185,6a2fd7d2f88ab129009bc95d,6a3ba0f152e51efaa1d078ee,TRUE,,,en,it,,19.4,female,0.583333333333333,6,6.6,5.33333333333333,7,piano,10,no
bd9135d229926556105b6d99f6c407a967bd078d1425cb1069be2b6b6cdacac3,2026-06-24T12:08:16Z,2026-06-24,12:08:16,13.9,69827629ddf2f00058962a5c,6a2fd7d2f88ab129009bc95d,6a3bac4e83c8e32cb8601abb,TRUE,,,en,ar,,20,male,0.444444444444444,4.28571428571429,5.2,3.66666666666667,4.66666666666667,drums,17,yes
5b5ddc83074bcfcf14ef0d78997951ca01a3d9e6cb77c293b259d44143cf6992,2026-06-24T12:01:49Z,2026-06-24,12:01:49,20.3,5e5bd71ee0777c3bbe5b108c,6a2fd7d2f88ab129009bc95d,6a3baacd6a8eb269b0571d1a,TRUE,,,none,other,,55.6,female,0.458333333333333,3.71428571428571,5,2.33333333333333,4.66666666666667,no instrument,,no
28d4f74f74ef40df33d7508030f8959ae8afb57488678015cf10eb8ce8b5f34a,2026-06-24T12:02:48Z,2026-06-24,12:02:48,20.2,69870bbaf07075d9e5d2271d,6a2fd7d2f88ab129009bc95d,6a3baae3d5561b91ed777000,TRUE,,,none,pt,,45.8,female,0.527777777777778,4.57142857142857,5.6,3,5.66666666666667,voice,9,no
78cfe5a534629d718dd0b5b4a7db86a6f0d16104c56a93a4133cf43c23299dc6,2026-06-24T12:11:20Z,2026-06-24,12:11:20,11.8,6966064db46fdc6dcac5b329,6a2fd7d2f88ab129009bc95d,6a3bad3a845555eaf7533e0b,TRUE,,,none,de,,36.7,female,0.444444444444444,3.28571428571429,3.4,2.66666666666667,4.33333333333333,drums,18,no
4170dfc48c562a1771062977b78e5f59a5f512666faf15af99b20152239a6c42,2026-06-24T12:02:53Z,2026-06-24,12:02:53,20.8,6a03d5627069ebf4c4057358,6a2fd7d2f88ab129009bc95d,6a3bab18fae78e130703fbd1,TRUE,,,en,other,,26.3,female,0.555555555555556,4,4.8,2.66666666666667,4.66666666666667,cello,7,no
889269ec5eec58ad30d4bad84863664fed7735c8d8fa105cbd9c7e9eac27c517,2026-06-24T12:09:27Z,2026-06-24,12:09:27,14.1,6928df855eb6b13323b07457,6a2fd7d2f88ab129009bc95d,6a3bac240c416ea66aa7d1ff,TRUE,,,none,it,,20,male,0.458333333333333,2,3.4,1.66666666666667,2.33333333333333,no instrument,,no
d4eddec43e4f217d7045fcaf72ad391c42946598061e93c98e0f0c2ffacb53f2,2026-06-24T12:08:35Z,2026-06-24,12:08:35,15.2,69f0fb641ba79eb6063a92cb,6a2fd7d2f88ab129009bc95d,6a3bac4d8373bc11951269dd,TRUE,,,en,en,,36.2,male,0.513888888888889,4.57142857142857,4.8,4,5,voice,,yes
f6ca37d1de69dfff9423117319eaf6a37dd887871cc3eee6584f26c9ece75e1c,2026-06-24T12:06:49Z,2026-06-24,12:06:49,16.9,6a1f2321cc1d6d9843378ddc,6a2fd7d2f88ab129009bc95d,6a3baa05ddfc1165528694a5,TRUE,,,none,es,,27.8,male,0.472222222222222,4.14285714285714,4.8,2.66666666666667,5.33333333333333,voice,9,no
861405bf0168e41ef44c451972ddb78c5ec1bf058674151df12825f82bc304eb,2026-06-24T12:05:30Z,2026-06-24,12:05:30,19.5,67c189c78d1190bf30438b4b,6a2fd7d2f88ab129009bc95d,6a3bab78c51c8b478567ba64,TRUE,,,en,other,,43.6,male,0.541666666666667,3.14285714285714,5.4,1.33333333333333,4.33333333333333,voice,,no
c86266e57ef4174e3e2b6bc724d04cf91548d3a524225c5df88fbee12953f2c5,2026-06-24T12:05:53Z,2026-06-24,12:05:53,19.4,69f4786df2eedb300c82528a,6a2fd7d2f88ab129009bc95d,6a3babc336b68a9bf9df1598,TRUE,,,none,en,,64,female,0.486111111111111,3.71428571428571,5,2.66666666666667,4.33333333333333,drums,13,no
eb2f62b744748939b88e5ad20bf4326c376f6b009f60cec6cf816729e5a6d593,2026-06-24T12:10:04Z,2026-06-24,12:10:04,14.8,697cab63cab81a06681de7be,6a2fd7d2f88ab129009bc95d,6a3baba7e918c26173e22df1,TRUE,,,en,en,,22.4,female,0.527777777777778,2.85714285714286,4.2,1,4.66666666666667,no instrument,,no
f43f5d26e843804dc8139b855fd478e68675cfc8432a7e68d4c04cef4e053329,2026-06-24T12:11:36Z,2026-06-24,12:11:36,13,69a8902e7ca09a37f5bfcedc,6a2fd7d2f88ab129009bc95d,6a3bab780a8b37cd7123bd6d,TRUE,,,none,es,,23.8,female,0.472222222222222,5.14285714285714,5.2,4.33333333333333,5.33333333333333,piano,7,yes
2ff7636a346f81325489e401e21799bd833cb282a4dd964cca0b06fb23ea3846,2026-06-24T12:11:36Z,2026-06-24,12:11:36,14.1,693cf5a107eedf081b969904,6a2fd7d2f88ab129009bc95d,6a3ba90d9c7a57d0ff91b14e,TRUE,,,none,pl,,33.2,female,0.555555555555556,3.71428571428571,4.4,3,4.33333333333333,voice,6,no
68d35a298429ef6a79cf90f7a1740fb4e12e4f1a835b9708d10d936c45a65499,2026-06-24T12:08:43Z,2026-06-24,12:08:43,18.1,698b7471efdfaf4849b26279,6a2fd7d2f88ab129009bc95d,6a3baad9adeceb2e83b04e69,TRUE,,,none,en,,44.1,male,0.527777777777778,4.57142857142857,5.4,3,6,voice,1,no
c7a79550a5205c3df40c17661f2b23aacaab6eb70d42783027132a9a932f5357,2026-06-24T12:09:07Z,2026-06-24,12:09:07,17.1,698078075d3326e1b30bd1c3,6a2fd7d2f88ab129009bc95d,6a3bac1ea0e9c00c0cdf1597,TRUE,,,en,ar,,24.8,female,0.513888888888889,4,4.2,3.66666666666667,4.66666666666667,drums,14,yes
e777e8e9c2e7d4cad656e92535e8139dc922e186bafc68d4bce3ad68732e3019,2026-06-24T12:02:54Z,2026-06-24,12:02:54,23.2,6745bda6a32f3521b937fb47,6a2fd7d2f88ab129009bc95d,6a3baac82485f79655f8613b,TRUE,,,none,en,,28.8,male,0.569444444444444,5.14285714285714,6.2,4.33333333333333,5.33333333333333,voice,,yes
60b6390fb0f1fd52c823b2351121014f53088037c875f346153465cf9db7f91b,2026-06-24T12:02:04Z,2026-06-24,12:02:04,25.2,6a01c42c5b05bf933661e2f3,6a2fd7d2f88ab129009bc95d,6a3bab06a9ff0e1ea94adb29,TRUE,,,none,en,,31.6,female,0.486111111111111,2.85714285714286,5.6,3.33333333333333,2,piano,18,no
dc1857b95e4403567cd0f647a8254646a1a21475b4ab91465a33b725cf719e27,2026-06-24T12:08:23Z,2026-06-24,12:08:23,20,698341d57fe7b870bddf91b8,6a2fd7d2f88ab129009bc95d,6a3bab296e28edba07cd1f44,TRUE,,,en,pt,,32.1,female,0.458333333333333,4.71428571428571,5.6,4.66666666666667,5,drums,14,yes
cd6b3747dad8e5a070381792ae546ea5ba52f5afa09f19cd60b1ae16f6d2940b,2026-06-24T12:06:28Z,2026-06-24,12:06:28,24.3,5d21e78e5a2cea0016a843c4,6a2fd7d2f88ab129009bc95d,6a3baba70fac2c55750e7ce9,TRUE,,,en,it,,42.8,female,0.569444444444444,3.57142857142857,2.8,3.33333333333333,4,flute,10,no
fcef46524c25f7ed1c96747b26c4b78dc8a923e2a546d535512ce36d7ec900af,2026-06-24T12:13:37Z,2026-06-24,12:13:37,16.1,67dea73927324290d667874f,6a2fd7d2f88ab129009bc95d,6a3bac5fbe82567aca764036,TRUE,,,none,en,,58.2,male,0.472222222222222,5.57142857142857,5.8,5,5.66666666666667,piano,5,yes
0bf4d08c6ece7d8a0e7e79dcc0e55a12089a29186ca406790b73c8206ce13ddb,2026-06-24T12:16:20Z,2026-06-24,12:16:20,14.5,697aa4b8d2b6c1b3b9d7ae2c,6a2fd7d2f88ab129009bc95d,6a3bac2da3ce83cead4c3dce,TRUE,,,en,pt,,42.5,female,0.513888888888889,4.71428571428571,4.8,5,4.33333333333333,drums,13,no
31493705aabab8b02d1fcb6498bc999065c946141e2145726ec324e7741f9930,2026-06-24T12:14:48Z,2026-06-24,12:14:48,16.5,611d3361e7b4edd2d89ff3c3,6a2fd7d2f88ab129009bc95d,6a3badc1acae2bd458e704e5,TRUE,,,none,en,,40,male,0.541666666666667,2.71428571428571,5.4,1.66666666666667,3,no instrument,,no
6c815a39343a641a45ad7377ee2713d46e145eae474a26b79c2c71ae8f9fe710,2026-06-24T12:12:16Z,2026-06-24,12:12:16,18.6,666ee4b2498fab42b58066fb,6a2fd7d2f88ab129009bc95d,6a3bad76baf670f0f28910d1,TRUE,,,none,en,,25.2,male,0.527777777777778,5,4.4,5,5,xylophone,11,no
8a2cd9a9b470ff33b92bc91be47e3f2c187f010453e39b603bd5889ac178032d,2026-06-24T12:13:02Z,2026-06-24,12:13:02,19.4,664b7cea18fe17cd31b5ab5e,6a2fd7d2f88ab129009bc95d,6a3bad9351d8105fef581594,TRUE,,,en,en,,26.8,female,0.555555555555556,5.57142857142857,6.4,4.33333333333333,7,piano,9,yes
f24bc5b1ad1753b0838c50d5475771914f14afdb67f8a3bd43eb0055202aba43,2026-06-24T11:59:55Z,2026-06-24,11:59:55,32.4,65fca379d7529e0f18b02eda,6a2fd7d2f88ab129009bc95d,6a3ba462ed10889e74d47d51,TRUE,,,none,en,,26.7,female,0.541666666666667,3.42857142857143,3.4,3,4,no instrument,,no
dd480c6299baec00f6ff9a40a7892296a0852def7e6f6ed4a2d87b9f1e78eae1,2026-06-24T12:16:49Z,2026-06-24,12:16:49,16.5,6740bfd92b52bc968ccffcd6,6a2fd7d2f88ab129009bc95d,6a3bae6d8fab4f0f6ce4d23d,TRUE,,,other,en,,20.4,male,0.486111111111111,2.71428571428571,4.6,2.33333333333333,3,other,6,no
68ae6e791f9ba1ba9484bf4156bd1db9bec7e74b97e9165e7b47aec3fb11a21f,2026-06-24T12:19:54Z,2026-06-24,12:19:54,15.5,65fb1b3b8d6f60e342ea6b1e,6a2fd7d2f88ab129009bc95d,6a3bae67c745da36fb77f5af,TRUE,,,en,hi,,29.9,male,0.527777777777778,4.57142857142857,5.4,4.66666666666667,4.33333333333333,voice,12,no
40908b6651a9c03c99344973adfb14c40f2b5294620817589582bf4d5e3a2809,2026-06-24T12:16:03Z,2026-06-24,12:16:03,21.8,677506061eeaeb82be47cba5,6a2fd7d2f88ab129009bc95d,6a3bae3b1de0483facd0b197,TRUE,,,other,en,,37,female,0.513888888888889,2.28571428571429,5.4,1,2,no instrument,,no
79c2595bcfea3b1f42d3d38131467b3f3a85cb72d9ba67155deb216683d9e6ac,2026-06-24T12:17:58Z,2026-06-24,12:17:58,20.8,69f9f0668bf5734f80f13a7c,6a2fd7d2f88ab129009bc95d,6a3baecf2049add12184f08d,TRUE,,,none,en,,34.4,female,0.611111111111111,4,5,3.33333333333333,4.33333333333333,guitar,15,no
592f69894be9327328950c1643082983238d92bfab86a2e18cffd11f23c33ff9,2026-06-24T12:16:02Z,2026-06-24,12:16:02,24.3,697cab092658d28893427d5d,6a2fd7d2f88ab129009bc95d,6a3bae58386cbd87af8ea6eb,TRUE,,,en,hi,,19.5,female,0.527777777777778,3.71428571428571,4.6,2.66666666666667,4.66666666666667,violin,9,no
8544f40603d5532143e7c88d44ff6e611c055204b9b9e3c45676141d92d657ab,2026-06-21T16:09:59Z,2026-06-21,16:09:59,16.9,,,,TRUE,General higher education entrance qualification,DE,none,de,DE,53,male,0.583333333333333,4,4,4,4,other,10,no
1a53a492d03ee4cacc9d30c5944ed490397e1383ab47b19ac5c7dc9788fc46c4,2026-06-24T12:15:36Z,2026-06-24,12:15:36,26,699632ba3b3a7259cebcdb24,6a2fd7d2f88ab129009bc95d,6a3bae265018a9c1ddd47d51,TRUE,,,other,en,,53.3,female,0.472222222222222,3.42857142857143,4.8,2.66666666666667,3.66666666666667,voice,14,no
fc84dbf0da7e8255fd90820b982b1f2c394763a95cf5078cf20072a98f45b6f8,2026-06-24T12:16:06Z,2026-06-24,12:16:06,25.5,6007421356226920359b5f3e,6a2fd7d2f88ab129009bc95d,6a3bae61ed5cacffb7312ebf,TRUE,,,none,en,,34.8,female,0.527777777777778,6.14285714285714,5.4,6,7,guitar,12,no
1fd10c5103f7ba6030c4392fa38bda365eead095744bdd71bee6fcf868413ce2,2026-06-24T12:20:48Z,2026-06-24,12:20:48,22.8,65e07541b43de4b52497d0b6,6a2fd7d2f88ab129009bc95d,6a3baed8f84300e3bf0b51df,TRUE,,,none,en,,38.5,male,0.541666666666667,4.85714285714286,5,5,5,guitar,9,yes
3d3db2fa642c2328f7c4fd7bf1c04ee6c73ad23d1dd22f7ec01524a03213961c,2026-06-24T12:23:45Z,2026-06-24,12:23:45,20.7,69808ab3d1cff6f73e3ab495,6a2fd7d2f88ab129009bc95d,6a3bb02c16bdd6bc831864f8,TRUE,,,en,ar,,21,female,0.583333333333333,5,5.6,4,6,voice,16,yes
4c49a453a4d6169d9fe127b6f5dc32fdfca3450ac8912d72e80b3d26dd701e2f,2026-06-24T12:27:51Z,2026-06-24,12:27:51,15.6,5d1e4a3ed4b9d60001ec8f1c,6a2fd7d2f88ab129009bc95d,6a3bb1206573075eeb1a7e87,TRUE,,,ru,en,,50,female,0.611111111111111,3.14285714285714,4.4,2.33333333333333,3.66666666666667,no instrument,,no
f9f4a6a424c3e81f598290186bfa55b3aa3636251079b4a856b7645f15eaee39,2026-06-24T12:15:31Z,2026-06-24,12:15:31,29.9,678a6e1b541f18aef952a7c6,6a2fd7d2f88ab129009bc95d,6a3bae11ec47f66d68d25822,TRUE,,,none,en,,22.6,male,0.486111111111111,5.57142857142857,5.2,5.33333333333333,5.66666666666667,saxophone,10,yes
06bd403a42b6ce13332d994c0eb42e7fafb40a8844c8421ecf39d10eb677536f,2026-06-24T12:29:39Z,2026-06-24,12:29:39,17.2,69ee5f347cd2f4d3ccadef67,6a2fd7d2f88ab129009bc95d,6a3ba191a2ee810171d57f6a,TRUE,,,en,es,,20.4,female,0.527777777777778,6.28571428571429,6.8,5.33333333333333,7,voice,10,no
b7f7cfcbd6692f5c45524bc61edc70b0a283b1bfbf312c587fc9af030d6fdf63,2026-06-24T11:36:10Z,2026-06-24,11:36:10,74.8,68598a1d4cebd213b2abb1d9,6a2fd7d2f88ab129009bc95d,6a3ba149602224a69c1db466,TRUE,,,other,en,,43.9,male,0.541666666666667,3.85714285714286,5,2.66666666666667,4.66666666666667,voice,16,no
ce5289cdcc53141c37e5ea5bb30bb40d20df8ff33d7b4dd8955770116b0b15e7,2026-06-24T12:30:38Z,2026-06-24,12:30:38,25.6,69fb06a22248992c225bb811,6a2fd7d2f88ab129009bc95d,6a3bb1c662aca97519e68072,TRUE,,,en,en,,28,female,0.583333333333333,4.57142857142857,5.2,4.33333333333333,4.66666666666667,guitar,17,no
7be660864365dd869c85711bcc8989d3ea8239b837047572bfe56dec9c89a8e1,2026-06-24T12:48:11Z,2026-06-24,12:48:11,11.8,6a0ce1af242c8f6fb9613959,6a2fd7d2f88ab129009bc95d,6a3bb5b628669cf4c6363c02,TRUE,,,none,en,,27.4,female,0.486111111111111,2,3.4,1,2.66666666666667,no instrument,,no
52852573baa28fd20cec3d774ec16d21848868492ecf115b021e4c6e8a3216a2,2026-06-25T16:24:37Z,2026-06-25,16:24:37,29,,,,TRUE,,,hi,en,,23,male,0.458333333333333,2.57142857142857,4.4,1.66666666666667,3.66666666666667,piano,18,no
55d43c040e97977e8e6b2b16b0c49036a234fe9ab872a8839233ca7bbc648718,2026-06-25T17:04:41Z,2026-06-25,17:04:41,12.7,,,,TRUE,,,none,de,,38.2,female,0.527777777777778,4,5.2,2.66666666666667,4.66666666666667,guitar,6,no
366922a285dc132fdac038de4e105d10e5e3e499a5b63581217b8fb605dd1df1,2026-06-29T13:29:54Z,2026-06-29,13:29:54,17.8,,,,TRUE,,,en,en,,31.8,male,0.513888888888889,4.71428571428571,4.8,4.33333333333333,5,voice,11,yes
858dc60a0389d9207f4ff6e2b9d15001c1a087bf65ba4c4e6b857ad66da69242,2026-06-29T19:18:18Z,2026-06-29,19:18:18,16.3,,,,TRUE,,,none,de,,28,male,0.541666666666667,5,4.8,4.66666666666667,5,voice,7,no
749960ca9f89e299477fe7d398827b2663eb9b1320ce51e21b56155e8e37b9b6,2026-06-24T11:18:47Z,2026-06-24,11:18:47,12.5,69930035352fcabf8e509b7f,6a2fd7d2f88ab129009bc95d,6a3ba0eb48fb89585ccd1f51,TRUE,,,en,nl,,30.8,female,0.555555555555556,3.28571428571429,4.6,3,3.66666666666667,piano,17,no
7d124385317954bb3431176ffe571e1afab2f57c0f80f0a1bfce357833abc55e,2026-06-24T11:18:53Z,2026-06-24,11:18:53,12.5,6a00a4471efa4cd6835d2148,6a2fd7d2f88ab129009bc95d,6a3ba0f6f16dd1eff5157c18,TRUE,,,en,zh,,28.7,male,0.416666666666667,3.57142857142857,2.8,2.33333333333333,5,violin,3,no
d77c5cf05f34c4009e1a4193c3fd0a3144c245adab9df133828200e5f9d25800,2026-06-24T11:19:15Z,2026-06-24,11:19:15,12.3,5ae82944a0e4390001f090fd,6a2fd7d2f88ab129009bc95d,6a3ba0f7fa459fa8241dd66b,TRUE,,,it,en,,47.5,male,0.472222222222222,4.57142857142857,4.8,3.66666666666667,5.33333333333333,guitar,7,yes
866d23d011e5aa161fc11444180be85aee9d19d0506e6179e95c99c0431cc785,2026-06-24T11:19:16Z,2026-06-24,11:19:16,12.3,697df818b3e39fbdcbb7dcd6,6a2fd7d2f88ab129009bc95d,6a3ba10e6fdb6eadd9066c15,TRUE,,,en,pt,,26.2,female,0.583333333333333,3.57142857142857,4.4,2.33333333333333,5,piano,9,no
37f8b359cd9444aced9ead0b0f7ab1f08997228a1a038a8686510fcf1b6505b6,2026-06-22T13:10:11Z,2026-06-22,13:10:11,19.4,,,,TRUE,General higher education entrance qualification,DE,other,de,DE,27,female,0.652777777777778,5.85714285714286,6,5,7,piano,6,no
d54051160cd956225b68d92ff588d2cea28e61e207c6eb6e228f9c46141b205a,2026-06-24T11:19:07Z,2026-06-24,11:19:07,12.8,6a11c6a18ea3cad18626f8b4,6a2fd7d2f88ab129009bc95d,6a3ba10648c3078223558036,TRUE,,,es,en,,34.7,male,0.583333333333333,4.28571428571429,4.6,2.66666666666667,6,flute,8,no
42e779675645077284de5b519b7f33c1ecd8c7cac22da42684b6965d46a717bc,2026-06-24T11:19:02Z,2026-06-24,11:19:02,13,5dafea4de40355001651fa2f,6a2fd7d2f88ab129009bc95d,6a3ba0fe60990b08d6acbd5e,TRUE,,,none,pl,,31.9,female,0.597222222222222,4,4.8,3.33333333333333,4.33333333333333,guitar,15,no
b0599b7260cfc3461d32c3515b8747cceaac51ead8e54322e0d3e25ed0c3aef8,2026-06-24T11:19:31Z,2026-06-24,11:19:31,12.7,634694a1401b066cb71e4c82,6a2fd7d2f88ab129009bc95d,6a3ba1189cfca9f1a4a886ad,TRUE,,,none,en,,36.6,male,0.458333333333333,3.28571428571429,4.8,2.66666666666667,3.33333333333333,voice,,no
f74eac44ddc8e556766f09d29fb903d8eb9683e0a00bd52d7f7a156276b48906,2026-06-24T11:19:07Z,2026-06-24,11:19:07,13.1,699426b305113343f561b4c6,6a2fd7d2f88ab129009bc95d,6a3ba0ff08a9efce4a580c26,TRUE,,,es,en,,24.3,male,0.458333333333333,3.85714285714286,4.4,2.66666666666667,5,no instrument,,no
ad1796d333a4083905d754a269dbb4432610c9d3a660d2c1eb43414175ab9480,2026-06-24T11:19:30Z,2026-06-24,11:19:30,12.8,65be503049b019b9990351c0,6a2fd7d2f88ab129009bc95d,6a3ba11b4226120f8738a44d,TRUE,,,none,en,,72.5,female,0.527777777777778,4.14285714285714,4.6,4,4.66666666666667,piano,9,no
5390204e6cdea3df85b041e24c4233c287cb3f3eb0263d35d62f9a546a7c6512,2026-06-24T11:19:14Z,2026-06-24,11:19:14,13.1,6a1ee3738a9b88b534145e99,6a2fd7d2f88ab129009bc95d,6a3ba0fa3207ce828c9184fd,TRUE,,,none,en,,47.7,male,0.5,2.57142857142857,4.6,1.33333333333333,2.66666666666667,no instrument,,no
c17b90a8d1319d151cef3ea7630fcf88e0ff855b8685cee5559534d34ce2c552,2026-06-24T11:19:32Z,2026-06-24,11:19:32,12.9,5f06eefaf3fc742667b4e79d,6a2fd7d2f88ab129009bc95d,6a3ba0fd1a3f4f3559565748,TRUE,,,en,pl,,39.2,female,0.513888888888889,2.71428571428571,4.2,2,3.66666666666667,guitar,9,no
d4f8797b2e73e9eadc414fbd9b718514cab51e994f146864f0eae695b513a114,2026-06-24T11:20:23Z,2026-06-24,11:20:23,12.1,69909c30c1cf44288da28227,6a2fd7d2f88ab129009bc95d,6a3ba11c66e24d05d4a3362a,TRUE,,,none,pl,,36.5,male,0.583333333333333,2.42857142857143,4.8,1.66666666666667,2.33333333333333,no instrument,,no
7b9e19882db3850392bc8ab0dbbd19c4f008fe5b06073247f8969f8b6a027dc1,2026-06-24T11:19:21Z,2026-06-24,11:19:21,13.2,6980792fded33a62e27ce7cc,6a2fd7d2f88ab129009bc95d,6a3ba104763920348ce28d42,TRUE,,,en,vi,,56.6,female,0.513888888888889,3.42857142857143,4.4,3.33333333333333,3.66666666666667,voice,18,no
5f8a7e8f50a5d2cc55f9b913deab9f67b3c2255688c711eaf14011853e37a8d8,2026-06-24T11:18:59Z,2026-06-24,11:18:59,13.7,69835bee6ebb62d4220db9d2,6a2fd7d2f88ab129009bc95d,6a3ba0fa919c6fb8f3e6ede6,TRUE,,,ar,en,,43.5,female,0.444444444444444,4.28571428571429,4.8,4.33333333333333,4,guitar,18,no
fdb1f7a5f5eea88b5411ae0ebbff213bdd7c369fc4d23e6e2834b172fdb943d7,2026-06-24T11:19:37Z,2026-06-24,11:19:37,13.1,6a072ff126014f2df37b0f48,6a2fd7d2f88ab129009bc95d,6a3ba102739d4b227ebf5d2e,TRUE,,,en,it,,29,female,0.486111111111111,3.28571428571429,3.8,2.66666666666667,4.33333333333333,flute,9,no
0f0de8cd17d0298717c03dadaf951a5e1ace796c373bf9e7393e84694b0ff6de,2026-06-24T11:18:42Z,2026-06-24,11:18:42,14.1,6a175649a897cd022f49d321,6a2fd7d2f88ab129009bc95d,6a3ba0ecb06fdb72fab376fd,TRUE,,,other,es,,25.4,male,0.527777777777778,2.85714285714286,4.8,1.66666666666667,4,flute,9,no
162b58c1470ac895f61a63718261a692c124b926986f25a33d3199ad83bdb423,2026-06-24T11:18:48Z,2026-06-24,11:18:48,14.1,69fb18240b374698f652335e,6a2fd7d2f88ab129009bc95d,6a3ba0e5387689718ea6f7d3,TRUE,,,en,other,,34.5,male,0.486111111111111,3,2.8,2.66666666666667,3.66666666666667,voice,9,no
25a4a27fd00a3ac090702dd084fdc29b764ddf06e12a3c8c035d489610e40edb,2026-06-24T11:19:36Z,2026-06-24,11:19:36,13.3,6a219b748c8d556504dc8144,6a2fd7d2f88ab129009bc95d,6a3ba0f556adb5377acafd7f,TRUE,,,hi,en,,28,female,0.583333333333333,3.85714285714286,4.6,3,5,guitar,16,no
839ae7aacbd882b206ab788d4d692e4b4d4d5556c61820426ea7ae2d468fb0fb,2026-06-24T11:19:03Z,2026-06-24,11:19:03,13.8,6a1abd08c042fc22b1ea2013,6a2fd7d2f88ab129009bc95d,6a3ba103a4ac4397123d646b,TRUE,,,none,it,,25.8,female,0.513888888888889,2.42857142857143,5,1.33333333333333,3.33333333333333,piano,18,no
11455506e1e9d87fa4f51bf4d6aff65a95fdf108595907c8e0c90d59ad3ad39c,2026-06-24T11:19:30Z,2026-06-24,11:19:30,13.6,698350e995dad954ab02fd5d,6a2fd7d2f88ab129009bc95d,6a3ba10f761c9ff5b247bbaf,TRUE,,,none,ro,,33.5,female,0.569444444444444,1.57142857142857,4.2,1,1,no instrument,,no
39ae8decd75f7f24bcaa5fdeb319a33264dccc60d78294d5048c58170f2a0763,2026-06-24T11:18:51Z,2026-06-24,11:18:51,14.1,6a089dfb7a20504fc2a3df56,6a2fd7d2f88ab129009bc95d,6a3ba0e9f37e39955a639c82,TRUE,,,none,en,,23.1,female,0.541666666666667,5.28571428571429,4.6,5,5.66666666666667,piano,12,yes
beba37b9ad90786b14d51a95c4216cd59f89fd443c8fc7fb18b6a128b10b4311,2026-06-24T11:19:37Z,2026-06-24,11:19:37,13.6,698a3db507aea2ca40fe9d38,6a2fd7d2f88ab129009bc95d,6a3ba1206519dd44df9c5e9a,TRUE,,,en,es,,23,female,0.652777777777778,6.28571428571429,5.2,6.33333333333333,6.66666666666667,drums,4,no
c500083a1cdb3f8b9f8578d1fd4ea9cb303e5420d22dcb205b0a66d84de8929d,2026-06-24T11:19:42Z,2026-06-24,11:19:42,13.5,696740cf792327181246859d,6a2fd7d2f88ab129009bc95d,6a3ba11eeb1bd48de933a305,TRUE,,,en,ko,,29.3,male,0.527777777777778,4.85714285714286,5.4,4.66666666666667,4.66666666666667,piano,6,no
ce51bb933bc8b3ef82fb194a591a8690c8b192c458a0fd1e7b37f2cde35b3b4c,2026-06-24T11:19:13Z,2026-06-24,11:19:13,14,69fdab79c246ecfeea649e90,6a2fd7d2f88ab129009bc95d,6a3ba0f7824026bada00e046,TRUE,,,none,it,,25.2,female,0.625,3.71428571428571,4.6,1.66666666666667,5.33333333333333,no instrument,,no
54259e7a2c5f65ae66be00c23592d8e8827b2df305660263e26c65f5cccef452,2026-06-24T11:19:04Z,2026-06-24,11:19:04,14.2,69db5ed1a19f0a5161fe96e2,6a2fd7d2f88ab129009bc95d,6a3ba1004910fd178aff658e,TRUE,,,none,en,,48.4,female,0.527777777777778,4.42857142857143,5,4,5.66666666666667,piano,5,no
104e186f8950ca062c5c370e20e6dfb9d3708fca5f29586c73591ae1ae016d66,2026-06-24T11:19:20Z,2026-06-24,11:19:20,14.1,6a029b2a032df6a64495ed93,6a2fd7d2f88ab129009bc95d,6a3ba1078af06c13debcff29,TRUE,,,en,hi,,20.3,female,0.5,4,4.6,3.66666666666667,4.33333333333333,drums,7,no
3cdb317f3b630893a79b6ef2f9acaddc00b307f7e064bd2ef51dd869822182e9,2026-06-24T11:19:15Z,2026-06-24,11:19:15,14.2,6a0233cc893c60a65499937e,6a2fd7d2f88ab129009bc95d,6a3ba10ccc811d439accf63f,TRUE,,,none,pl,,42,male,0.486111111111111,6.28571428571429,5.6,5.33333333333333,7,voice,9,no
e01b0c19b90b9c7e3390e3ba6b4912cf90995a6a858a5b742bdc5ccf3d2db33e,2026-06-24T11:19:11Z,2026-06-24,11:19:11,14.2,698fa8ec85144121c0643338,6a2fd7d2f88ab129009bc95d,6a3ba10a41f5f2d7e21ef90c,TRUE,,,en,pl,,25.8,male,0.583333333333333,4,4.6,3,5,guitar,8,no
69f505f1f7971107cecbcc135219659520c5586069ea048cff652804f7556e01,2026-06-22T19:54:07Z,2026-06-22,19:54:07,14.7,,,,TRUE,General higher education entrance qualification,DE,de,en,DE,27.8,male,0.583333333333333,4.85714285714286,4.4,4.66666666666667,6,drums,12,no
94252ffbafca5b10e4ddfaf0bbbe0f9aaa866923677e54ebf6db1d83b663500e,2026-06-24T11:19:08Z,2026-06-24,11:19:08,14.4,66ceb6aa9250694de04ccb4b,6a2fd7d2f88ab129009bc95d,6a3ba1001c317d373fd9da2b,TRUE,,,none,ru,,47.5,male,0.583333333333333,1.85714285714286,3.8,1,2.33333333333333,no instrument,,no
10116af01f9ea1c8dd153b269f41500633244cada6ebbbebe0664b5285b2b4a8,2026-06-24T11:18:58Z,2026-06-24,11:18:58,14.6,69930d99012bd7f79220512e,6a2fd7d2f88ab129009bc95d,6a3ba0f6b58a3b833b6c9d2e,TRUE,,,other,tl,,28.1,male,0.569444444444444,4,4.8,3,4.33333333333333,other,10,no
8210096646cb0c66659c2a2bae6c1d1db92d4a1b867d06c802fa08c277a4053e,2026-06-24T11:19:08Z,2026-06-24,11:19:08,14.7,69e4d7b36d29b2d1abbf6ac4,6a2fd7d2f88ab129009bc95d,6a3ba0f25d698d77b1565756,TRUE,,,none,en,,28.1,female,0.597222222222222,4.57142857142857,5,4,5,piano,4,no
9677562c7f14c4332bbdbc9a680f44c0debeabc146de43598277110888f46750,2026-06-24T11:19:21Z,2026-06-24,11:19:21,14.4,69ab322e670576193a37d4a7,6a2fd7d2f88ab129009bc95d,6a3ba1091186d8641184f069,TRUE,,,none,fr,,32.9,female,0.527777777777778,2,3.4,1,2.66666666666667,no instrument,,no
e41d3a03e1e085c21f9bf51948c22bd98f39f8a9c78b4441033b857da4424d51,2026-06-24T11:19:22Z,2026-06-24,11:19:22,14.3,69de26c7090aad0e1b286287,6a2fd7d2f88ab129009bc95d,6a3ba0fa0f32968e6a71d9bc,TRUE,,,none,other,,34,female,0.569444444444444,2.57142857142857,4.2,1.66666666666667,3,no instrument,,no
f3ee656b6973f75df1c39ac7f8f8a757908981f8664935c54b12d75b85b79773,2026-06-24T11:19:39Z,2026-06-24,11:19:39,14.1,69f9a8f0c503f7775e45cc14,6a2fd7d2f88ab129009bc95d,6a3ba11e722665c46bf4c8a0,TRUE,,,none,other,,50.4,female,0.597222222222222,4.28571428571429,4.6,3.33333333333333,5,no instrument,,no
706ac62cfa3865d979272f1f14da8280ed3de16e3b5990a0d62a24a60985a31d,2026-06-24T11:19:20Z,2026-06-24,11:19:20,14.8,69f9db8866659d454bbd43ba,6a2fd7d2f88ab129009bc95d,6a3ba10f2e06b2d9f402da58,TRUE,,,en,other,,21.3,female,0.597222222222222,4.28571428571429,4.2,4.33333333333333,4.66666666666667,voice,14,no
48b0315caf4c446a282006e696c69a78624d2fd282a75f59d803ed968ce2d7bb,2026-06-24T11:19:28Z,2026-06-24,11:19:28,14.8,69a9fb44df3c5dcfcb182457,6a2fd7d2f88ab129009bc95d,6a3ba107d67184be3c20617a,TRUE,,,en,ar,,29.8,female,0.472222222222222,3.85714285714286,4,3.66666666666667,4.33333333333333,piano,10,yes
0b6a94db02f1bc54cb47194d777a0501d05230bd52440a9f969b4f3c9eafa8e8,2026-06-24T11:18:51Z,2026-06-24,11:18:51,15.6,69aef3e8be593de1f459640f,6a2fd7d2f88ab129009bc95d,6a3ba0eedb58750dbeb4efae,TRUE,,,en,ro,,37.7,female,0.486111111111111,1.71428571428571,2.4,1,2,no instrument,,no
140d403035a5e5f9f03c958aa0d54cdf9b30d3d899c0dffd8429b0c1953a37cb,2026-06-24T11:19:14Z,2026-06-24,11:19:14,15.2,6982cd81ec011444bb35b781,6a2fd7d2f88ab129009bc95d,6a3ba102c2b41390473b4a19,TRUE,,,other,en,,23,male,0.430555555555556,3.71428571428571,4.6,3,4.33333333333333,guitar,15,no
6fb7e44bc6f9a3c18ff352243d184447fc556b0bd8ece995f8ebc4e8ee94e989,2026-06-24T11:19:10Z,2026-06-24,11:19:10,15.2,6984df69583cf5f1ae4f9490,6a2fd7d2f88ab129009bc95d,6a3ba10b39a0af8ac95f2892,TRUE,,,pt,es,,24.8,female,0.513888888888889,3,5.4,1,4,no instrument,8,no
d70a1c538338e6d9430f71ccbb937510d566b4bd6f7ad6a0e0b5cb64e678bb31,2026-06-24T11:19:24Z,2026-06-24,11:19:24,15.1,69808420dce21791e226712e,6a2fd7d2f88ab129009bc95d,6a3ba10159828c2686f2e687,TRUE,,,en,ar,,22.1,female,0.513888888888889,3.57142857142857,6.2,3,3.66666666666667,voice,4,no
dd509082ba6175f9d289bba30d1222e16eacddf438f7d40b697d66691a7bb700,2026-06-24T11:19:31Z,2026-06-24,11:19:31,14.9,6a15dbe4da14b4c50bfae3f6,6a2fd7d2f88ab129009bc95d,6a3ba11b962314355d0c2a95,TRUE,,,other,en,,30.3,female,0.444444444444444,4.28571428571429,4.8,2.66666666666667,6,guitar,18,no
8d1cd93eda354294d886c4c8a907e5b292e5ab797fbc2fd0879d9776f5041240,2026-06-24T11:18:55Z,2026-06-24,11:18:55,15.9,69ef7d7bd866b734008da2c0,6a2fd7d2f88ab129009bc95d,6a3ba0e97ae046d8f6d57f7c,TRUE,,,none,it,,20.2,female,0.527777777777778,3.14285714285714,4.6,2.66666666666667,3,clarinet,9,no
a17f764d3eb660f680a8a16c3af7ffcaa2bccdf6478206395c5e78a9c13b06f2,2026-06-24T11:18:57Z,2026-06-24,11:18:57,15.8,6a0df8578cc86801285bd0b0,6a2fd7d2f88ab129009bc95d,6a3ba0fd7e358143b2f2e68a,TRUE,,,other,nl,,23.9,male,0.555555555555556,4.57142857142857,4.4,3.66666666666667,6,piano,8,no
10896d5bb27be13f9eed139b5677c6922917e042355f79727a62de5316b163e1,2026-06-24T11:19:03Z,2026-06-24,11:19:03,15.9,69c1680088b9f2e0de847a7c,6a2fd7d2f88ab129009bc95d,6a3ba0fdc1e24290adfb689c,TRUE,,,none,fr,,18.4,female,0.430555555555556,4.42857142857143,5.6,4.33333333333333,4.33333333333333,violin,6,no
92b3b4db7596c21936b71feafe9244f7a907a10987642064fb84c8aa3a911ed7,2026-06-24T11:19:27Z,2026-06-24,11:19:27,15.5,697a706737d4da6d9c8826ee,6a2fd7d2f88ab129009bc95d,6a3ba117303cb84859339362,TRUE,,,en,pt,,32.2,female,0.416666666666667,3.85714285714286,3.6,3,5,guitar,12,no
13805a2f1351f7f72bbe90aba221825c817d79e4dc4c00ed0dea1b1e9fc1b5f7,2026-06-24T11:19:24Z,2026-06-24,11:19:24,16.1,69bb774707224f55d8069f8b,6a2fd7d2f88ab129009bc95d,6a3ba102b81a7cb264292978,TRUE,,,none,en,,21.2,female,0.541666666666667,3.57142857142857,5.4,2.66666666666667,4,voice,,no
700ed8b8b33754ee0fce6d7dbd48dbc26bf1928efea3c6fc2783b3b2e92b8d55,2026-06-24T11:19:15Z,2026-06-24,11:19:15,16,6659de7c152f5352d6132282,6a2fd7d2f88ab129009bc95d,6a3ba0ff3fac1a695c930d55,TRUE,,,other,en,,21.3,male,0.430555555555556,3.85714285714286,4.8,3,5,voice,4,yes
b8bf4a25ce3fc5e94f99d5557464dda9a2727b77ff48ce9b8c4356f524b22364,2026-06-24T11:19:20Z,2026-06-24,11:19:20,16.2,62c4590804317dc197ecbe8a,6a2fd7d2f88ab129009bc95d,6a3ba1102a61262a528c4c0d,TRUE,,,none,en,,53.8,female,0.597222222222222,1.57142857142857,2.8,1,2,no instrument,,no
cf99edb6c52c8883a0a61281c0570566de30df1f96b26b45f94c7c17d326b6a6,2026-06-24T11:19:22Z,2026-06-24,11:19:22,16,69f7e812b1abc5db9b1d0eac,6a2fd7d2f88ab129009bc95d,6a3ba1097b2ce3ec308fb410,TRUE,,,none,en,,52.1,male,0.430555555555556,4.57142857142857,5.2,3.66666666666667,5.33333333333333,voice,5,no
104e579b02e3c69fcea825351423c2fe5b544978e05309b9bc30c98390ddc4ea,2026-06-24T11:18:46Z,2026-06-24,11:18:46,16.7,67a36295836566498f2a9c4d,6a2fd7d2f88ab129009bc95d,6a3ba0eb8d544c654d6095c8,TRUE,,,none,en,,73.2,female,0.541666666666667,1.57142857142857,1,1,2.33333333333333,no instrument,,no
83909d87e75505959d58e780b6b812808780363f2b8290bcce6b28b5d1b175d3,2026-06-24T11:18:57Z,2026-06-24,11:18:57,16.6,67109daadd253803c7aaf522,6a2fd7d2f88ab129009bc95d,6a3ba0f759828c2686f2e684,TRUE,,,none,en,,26.8,male,0.486111111111111,5.85714285714286,7,5,6.33333333333333,drums,7,yes
cddd9477654efca9d18013ede05e530f2347f08dfa71add69c66c3923769d636,2026-06-24T11:19:05Z,2026-06-24,11:19:05,16.5,60cd45f3a4134f92558cc450,6a2fd7d2f88ab129009bc95d,6a3ba0ebe3dd4c6c9678171f,TRUE,,,none,en,,66.1,male,0.5,3.14285714285714,5.2,2,3.33333333333333,no instrument,,no
1d4942cb4b4dfa80f991a39f946f53431eaba03d6e4dbfca59986e4d2931accb,2026-06-24T11:19:29Z,2026-06-24,11:19:29,16.2,6a13aa712c12c95f9cd3568f,6a2fd7d2f88ab129009bc95d,6a3ba106427f11eff18ea710,TRUE,,,en,es,,26.3,female,0.5,5,5,4.66666666666667,5.66666666666667,piano,13,no
741a46f4cc5bf54de5b50f26bb7e8b9c9c9545c4e8f31dbe734d543d28437754,2026-06-24T11:19:38Z,2026-06-24,11:19:38,16,69d66f2bcd1bac4e9bbdddc3,6a2fd7d2f88ab129009bc95d,6a3ba1021c88232177aec27c,TRUE,,,other,en,,26,female,0.444444444444444,3.28571428571429,5,1.66666666666667,4.33333333333333,piano,7,yes
0358f24c0c5b90a46b76163b05e3fbb14e6923c21f218e930ca91a8683b7a857,2026-06-24T11:19:01Z,2026-06-24,11:19:01,16.8,612033478ca9128eb7529ed1,6a2fd7d2f88ab129009bc95d,6a3ba0f1ee07dd201fdd5e04,TRUE,,,none,en,,28.8,female,0.472222222222222,3.42857142857143,4,4,3.33333333333333,voice,14,no
80cb4af6a21204867425b2cf2b47cf7d3cccc5cbd7a7fd1bacefe28bd80d2111,2026-06-24T11:19:18Z,2026-06-24,11:19:18,16.6,69eb68fafbca4d858699ea14,6a2fd7d2f88ab129009bc95d,6a3ba0f75675f676cb0b51ff,TRUE,,,none,it,,24,female,0.472222222222222,3,4,1,5.33333333333333,no instrument,5,no
22a53669c08763c2a0b71b8a76defdf63d223c780ed990870daf2208b98853e1,2026-06-24T11:19:38Z,2026-06-24,11:19:38,16.5,68c0be03ee68298b4938af47,6a2fd7d2f88ab129009bc95d,6a3ba10b7cd8f43718f12e1f,TRUE,,,none,other,,63.9,female,0.458333333333333,3.57142857142857,4,3,3.66666666666667,voice,3,yes
cc1691e394b80d587fa3284d9296fe3c1b08032e0a7581f7fa54fdbb3e1218e7,2026-06-24T11:19:26Z,2026-06-24,11:19:26,16.8,6993e3384e2018b184d1e4f5,6a2fd7d2f88ab129009bc95d,6a3ba10b86783c2aecf5871c,TRUE,,,none,other,,50,male,0.625,5.28571428571429,5.8,5.66666666666667,4.33333333333333,voice,3,no
3c118ae81a628a2f34ec4aa297d96d118bbd84418afc7af219c5beba670aeefa,2026-06-24T11:19:22Z,2026-06-24,11:19:22,17.2,61275ccfad65bfb85bba5789,6a2fd7d2f88ab129009bc95d,6a3ba109d15bc653790c2a84,TRUE,,,other,en,,33.7,male,0.472222222222222,3.71428571428571,5.6,2,5,voice,15,no
48b2755bce4013a19c0587a8dc25ed6a9f0d55c35b4f23c25bee7aaa9ab0d5b3,2026-06-24T11:19:26Z,2026-06-24,11:19:26,17.4,6162bf42048363a56b08995e,6a2fd7d2f88ab129009bc95d,6a3ba10e93c733efb5359b1b,TRUE,,,en,es,,29.2,female,0.486111111111111,6,5.4,6.66666666666667,5.66666666666667,guitar,10,no
7bf84e3cac179d01eacdc290a9fffde31ea6d43ebe315308454cdcb006eaabb7,2026-06-24T11:18:46Z,2026-06-24,11:18:46,17.8,6983514d7562f1b3e9288cfb,6a2fd7d2f88ab129009bc95d,6a3ba0f09858b662f59b4dba,TRUE,,,en,ro,,24.9,male,0.555555555555556,3.71428571428571,4,2.33333333333333,5.66666666666667,voice,,no
f5eed39296400ed2185f0dd664f8530a20aa21e4d4c56b34159ccba7450774d7,2026-06-24T11:20:23Z,2026-06-24,11:20:23,16.3,698e07a2e49cb54126c903b1,6a2fd7d2f88ab129009bc95d,6a3ba11b7ae046d8f6d57f82,TRUE,,,en,pl,,23.2,male,0.444444444444444,2.28571428571429,4,1.33333333333333,3.66666666666667,no instrument,,no
121b5714501643eebb2f05743435de44f9b550d6efa0c248f6bd6f8fe792f6ca,2026-06-24T11:19:33Z,2026-06-24,11:19:33,17.5,697a6d2e272fe7f711527c5a,6a2fd7d2f88ab129009bc95d,6a3ba121fd57eb676fca807f,TRUE,,,none,es,,41.6,male,0.722222222222222,4.57142857142857,5.2,3,5.66666666666667,voice,18,no
28eb8634bc88c70a44f69a47f42cd3de5dfc826af50a8108cdd4d6f9b1f0a5db,2026-06-24T11:22:47Z,2026-06-24,11:22:47,14.1,699b235f151bc29de6b6b659,6a2fd7d2f88ab129009bc95d,6a3ba19a44b4bf458285c513,TRUE,,,none,en,,56.2,female,0.444444444444444,3,4,2.33333333333333,3.33333333333333,no instrument,,no
6c9f11c6731473a4e4b133937d72506523d53072d7764b9010dc47cdefcc20f2,2026-06-24T11:19:31Z,2026-06-24,11:19:31,17.5,697db22a6bc7a3ecc8d3c3cc,6a2fd7d2f88ab129009bc95d,6a3ba0eeabbaa013de120ecf,TRUE,,,en,hi,,21.3,male,0.527777777777778,5,4.8,3.66666666666667,6.33333333333333,voice,13,no
54090dde81c8b0b235e503a76ae5c2ec2dd0c1a07ce70295442c46cd4cd3e449,2026-06-24T11:19:30Z,2026-06-24,11:19:30,17.9,6a200104583a811d9267af02,6a2fd7d2f88ab129009bc95d,6a3ba0f389a481f9694ee0f2,TRUE,,,other,en,,29.8,male,0.527777777777778,3.14285714285714,3.6,3,3.33333333333333,piano,7,no
175769acafcbe4c0ed24335e066819067177d2670e5c2e0c41229b9e753f668f,2026-06-24T11:19:19Z,2026-06-24,11:19:19,18.8,6a0b4c4d3c032bc00e543c03,6a2fd7d2f88ab129009bc95d,6a3ba10d06402f580fef8d4b,TRUE,,,other,en,,56.8,female,0.541666666666667,4,4.4,3.33333333333333,4.66666666666667,voice,,no
1eae890aecf7c1c01cc77ea6c353b5de26bb514eb43e124247ec8b1cde36a6ed,2026-06-24T11:19:38Z,2026-06-24,11:19:38,18.3,69b0587635892783c3d5a9a3,6a2fd7d2f88ab129009bc95d,6a3ba0ed9b07f06fbf6431b8,TRUE,,,en,en,,31.2,female,0.430555555555556,5.42857142857143,5,5.66666666666667,5.33333333333333,drums,9,no
87e393d1f991772dd382d7c3c1a748b94c01db63dd142129a7e4b576d280c407,2026-06-24T11:18:56Z,2026-06-24,11:18:56,19.3,69f9c76423c5b0e69810053f,6a2fd7d2f88ab129009bc95d,6a3ba0f8eb1cbd53d3e68079,TRUE,,,en,other,,30.2,male,0.569444444444444,2.71428571428571,3.4,2.33333333333333,3,no instrument,,no
d13855a6f56bb58c468ae3e11b3661ae080c21ff8b789758169a2cd9b46434b7,2026-06-24T11:19:09Z,2026-06-24,11:19:09,18.5,6a071613475a34b8b9d5fcf2,6a2fd7d2f88ab129009bc95d,6a3ba0f897d31e0e484adb3e,TRUE,,,de,de,,55.2,male,0.597222222222222,4.57142857142857,5,3,5.66666666666667,guitar,9,no
188ed4f29f4dc8a79a3f794f58c85d301f6e0e3eeaff78514c6ad5e3511c9ba0,2026-06-24T11:19:09Z,2026-06-24,11:19:09,19.1,69309f7da595fb656eebdeb1,6a2fd7d2f88ab129009bc95d,6a3ba103346867635d8ca686,TRUE,,,none,en,,47.4,male,0.5,2.28571428571429,4.4,1.33333333333333,3,guitar,9,no
a0f6816d2edeb3389208dd2a8780976f88adcd037664c743ac2cc544630e166b,2026-06-24T11:21:47Z,2026-06-24,11:21:47,16.6,6980e65cf91af20e6f20fffb,6a2fd7d2f88ab129009bc95d,6a3ba18438b8dd139b363c24,TRUE,,,hi,en,,21.7,female,0.555555555555556,2.57142857142857,4,1.66666666666667,3.66666666666667,no instrument,,no
ba9099a26397979cc53e41d580c687d6206e320b12398add4ce5cc1fdbd2bf3f,2026-06-24T11:19:19Z,2026-06-24,11:19:19,19.3,66168e55cb60649609600268,6a2fd7d2f88ab129009bc95d,6a3ba1030daf17a3bcc6abbc,TRUE,,,other,en,,23.9,female,0.527777777777778,3.57142857142857,5.4,2.33333333333333,4.33333333333333,no instrument,,yes
d5252a36a84156809d002a94334a4c8f3fb399efe2dbc864d0b2cd1ef21fe1c8,2026-06-24T11:19:26Z,2026-06-24,11:19:26,19.1,578a389e07724c000114c02c,6a2fd7d2f88ab129009bc95d,6a3ba116ca3fb5142230ba3a,TRUE,,,none,pt,,31.9,female,0.486111111111111,3.71428571428571,4.2,2.33333333333333,5,voice,,no
f93c5d2f4743a893fe669a74354a4566df821e8dfd5eb790138a4ae760e9ec62,2026-06-24T11:19:24Z,2026-06-24,11:19:24,18.9,595d3afcdd044900012ce78a,6a2fd7d2f88ab129009bc95d,6a3ba101986dd415aa1bce3e,TRUE,,,none,en,,56.5,female,0.541666666666667,3.71428571428571,5.6,1,5.33333333333333,no instrument,,no
00a6cd6284e8bbc66717b64e418501ab6d1dff9f351b4f06df70bf318f7a4b70,2026-06-24T11:19:22Z,2026-06-24,11:19:22,19.9,671f8f6b8d5fa9cedf4427cb,6a2fd7d2f88ab129009bc95d,6a3ba106729de4c814b791da,TRUE,,,other,en,,44.2,male,0.458333333333333,5.28571428571429,6.6,4.66666666666667,5.33333333333333,voice,9,no
d7ea2b4ae35146e6ad11bfe930ddfbf8f6f5a477fc5de1d57a1dc6fd35202203,2026-06-24T11:24:05Z,2026-06-24,11:24:05,15.2,6a0e0c06d483554a3385b092,6a2fd7d2f88ab129009bc95d,6a3ba20874cbf2ce6c4f245f,TRUE,,,en,ru,,48.8,female,0.513888888888889,2.85714285714286,4.6,2.66666666666667,2,guitar,18,no
47c11d14263246fe6aa852bc886cfb2f26fcec75557da4755960bc694353a063,2026-06-24T11:19:13Z,2026-06-24,11:19:13,21.1,698087b7749205156fad2839,6a2fd7d2f88ab129009bc95d,6a3ba0fe00a0951a10c1972d,TRUE,,,en,ar,,20.8,female,0.472222222222222,4.85714285714286,4,3.66666666666667,6,piano,15,yes
459dece548b9b2a5010660975541b1f3bb5791d0351b63fb8f5c36a7c0d01c50,2026-06-24T11:19:23Z,2026-06-24,11:19:23,21.5,67792abbab2fa21bf3644c09,6a2fd7d2f88ab129009bc95d,6a3ba0e94d462d78e2abbf42,TRUE,,,other,en,,70.2,male,0.541666666666667,4.14285714285714,5,4.33333333333333,3.66666666666667,voice,7,yes
a2a4286f9ed20db42ac5488bd8d2faa57e8c0cb3b4433bc6e12c3e3c575627a3,2026-06-24T11:19:36Z,2026-06-24,11:19:36,21.6,66c2474247c3a60005f00311,6a2fd7d2f88ab129009bc95d,6a3ba10a91838d2fa61a7e98,TRUE,,,other,en,,30.4,female,0.402777777777778,3.85714285714286,5.2,3.33333333333333,4,piano,14,no
